Name,Date,Height,Unit,,,,
Pomegranate 31,7/9/2023,21.75,inches,,,,
Mango 7,7/9/2023,19.00,inches,,,,
Pomegranate 29,7/9/2023,19.00,inches,,,,
Pomegranate 3,7/9/2023,18.00,inches,,,,
Persimmon 1,7/11/2023,4.96,inches,,,,
Pomegranate 31,7/19/2023,22.00,inches,,,,
Etrog 2,7/27/2023,9.84,inches,,,,
Etrog 4,7/27/2023,9.24,inches,,,,
Mango 7,7/30/2023,26.75,inches,,,,
Pomegranate 31,7/31/2023,22.11,inches,,,,
Pomegranate 29,7/31/2023,20.93,inches,,,,
Pomegranate 3,7/31/2023,19.52,inches,,,,
Etrog 2,7/31/2023,10.66,inches,,,,
Etrog 4,7/31/2023,10.46,inches,,,,
Pomegranate 16,7/31/2023,13.81,inches,,,,
Pomegranate 35,7/31/2023,21.29,inches,,,,
Persimmon 1,7/31/2023,7.00,inches,,,,
Etrog 6,7/31/2023,4.22,inches,,,,
Lemon 7,7/31/2023,8.30,inches,,,,
Pomegranate 31,8/6/2023,22.40,inches,,,,
Mango 7,8/6/2023,29.48,inches,,,,
Pomegranate 29,8/6/2023,21.65,inches,,,,
Pomegranate 3,8/6/2023,22.00,inches,,,,
Etrog 2,8/6/2023,11.81,inches,,,,
Etrog 4,8/6/2023,11.81,inches,,,,
Pomegranate 16,8/6/2023,14.00,inches,,,,
Lemon 6,8/6/2023,8.27,inches,,,,
Pomegranate 15,8/6/2023,14.37,inches,,,,
Pomegranate 35,8/6/2023,21.85,inches,,,,
Persimmon 1,8/6/2023,7.87,inches,,,,
Etrog 6,8/6/2023,5.31,inches,,,,
Lemon 7,8/6/2023,8.66,inches,,,,
Grapefruit 5,8/6/2023,5.31,inches,,,,
Grapefruit 6,8/6/2023,7.40,inches,,,,
Etrog 5,8/6/2023,2.67,inches,,,,
Lemon 12,8/6/2023,4.37,inches,,,,
Honey Tangerine 8,8/6/2023,2.16,inches,,,,
Honey Tangerine 3,8/6/2023,6.22,inches,,,,
Mango 1,8/6/2023,12.59,inches,,,,
Texas Persimmon 1,8/8/2023,0.78,inches,,,,
Palo Verde 2,8/8/2023,1.57,inches,,,,
Palo Verde 3,8/8/2023,1.57,inches,,,,
Palo Verde 4,8/8/2023,1.18,inches,,,,
Habanero Pepper 11,8/10/2023,6.30,inches,,,,
Mango 17,8/10/2023,9.45,inches,,,,
Mango 7,8/10/2023,29.52,inches,,,,
Etrog 2,8/10/2023,11.81,inches,,,,
Etrog 4,8/10/2023,12.24,inches,,,,
Persimmon 1,8/10/2023,8.27,inches,,,,
Etrog 6,8/10/2023,6.00,inches,,,,
Grapefruit 5,8/10/2023,5.43,inches,,,,
Grapefruit 6,8/10/2023,7.68,inches,,,,
Palo Verde 3,8/12/2023,5.10,cm,,,,
Palo Verde 4,8/12/2023,5.50,cm,,,,
Palo Verde 5,8/12/2023,3.40,cm,,,,
Palo Verde 2,8/12/2023,6.00,cm,,,,
Mango 1,8/12/2023,12.50,inches,,,,
Mango 17,8/12/2023,10.75,inches,,,,
Etrog 2,8/12/2023,30.00,cm,,,,
Etrog 4,8/12/2023,32.50,cm,,,,
Habanero Pepper 11,8/12/2023,6.50,inches,,,,
Persimmon 1,8/12/2023,8.50,inches,,,,
Lemon 14,8/12/2023,27.00,cm,,,,
Pomegranate 35,8/12/2023,22.50,inches,,,,
Lemon 6,8/12/2023,9.50,inches,,,,
Etrog 5,8/12/2023,3.00,inches,,,,
Pink Lemon 3,8/12/2023,10.50,cm,,,,
Etrog 7,8/12/2023,2.50,inches,,,,
Lemon 12,8/12/2023,10.50,cm,,,,
Lemon 9,8/12/2023,3.60,inches,,,,
Honey Tangerine 3,8/12/2023,17.00,cm,,,,
Honey Tangerine 8,8/12/2023,2.25,inches,,,,
Pomegranate 3,8/12/2023,22.00,inches,,,,
Pomegranate 29,8/12/2023,55.00,cm,,,,
Grapefruit 1.5,8/12/2023,2.50,inches,,,,
Key Lime 10,8/12/2023,29.00,cm,,,,
Lemon 3,8/12/2023,3.50,inches,,,,
Lemon 4,8/12/2023,2.00,inches,,,,
Key Lime 2,8/12/2023,16.80,inches,,,,
Pomegranate 31,8/12/2023,23.00,inches,,,,
Pomegranate 16,8/12/2023,40.00,cm,,,,
Jackfruit 4,8/12/2023,13.00,inches,,,,
Jackfruit 5,8/12/2023,21.00,cm,,,,
Grapefruit 1,8/12/2023,2.75,inches,,,,
Lemon 7,8/12/2023,8.50,inches,,,,
Texas Persimmon 1,8/12/2023,1.50,inches,,,,
Texas Persimmon 2,8/12/2023,0.25,inches,,,,
Texas Persimmon 3,8/12/2023,0.75,inches,,,,
Texas Persimmon 4,8/12/2023,2.00,cm,,,,
Texas Persimmon 8,8/12/2023,0.01,inches,,,,
Pomegranate 15,8/12/2023,14.00,inches,,,,
Mango 7,8/12/2023,76.00,cm,,,,
Palo Verde 3,8/13/2023,6.00,cm,,,,
Palo Verde 4,8/13/2023,2.75,inches,,,,
Palo Verde 2,8/13/2023,2.50,inches,,,,
Honey Tangerine 3,8/17/2023,7.10,inches,,,,
Etrog 6,8/17/2023,7.00,inches,,,,
Persimmon 1,8/17/2023,8.25,inches,,,,
Lemon 14,8/20/2023,12.00,inches,,,,
Lemon 7,8/20/2023,9.25,inches,,,,
Mango 17,8/20/2023,10.75,inches,,,,
Texas Persimmon 5,8/20/2023,1.00,inches,,,,
Texas Persimmon 3,8/20/2023,1.00,inches,,,,
Grapefruit 5,8/20/2023,6.00,inches,,,,
Texas Persimmon 10,8/20/2023,0.01,inches,,,,
Texas Persimmon 2,8/20/2023,2.00,cm,,,,
Texas Persimmon 8,8/20/2023,2.00,cm,,,,
Texas Persimmon 13,8/20/2023,2.50,cm,,,,
Grapefruit 6,8/20/2023,8.00,inches,,,,
Guava 8,8/20/2023,44.00,cm,,,,
Guava 7,8/20/2023,47.00,cm,,,,
Key Lime 10,8/20/2023,29.10,cm,,,,
Persimmon 1,8/20/2023,8.25,inches,,,,
Lemon 9,8/20/2023,9.50,cm,,,,
Honey Tangerine 3,8/20/2023,7.00,inches,,,,
Honey Tangerine 8,8/20/2023,2.75,inches,,,,
Etrog 4,8/20/2023,36.00,cm,,,,
Pomegranate 35,8/20/2023,61.00,cm,,,,
Palo Verde 4,8/20/2023,4.75,inches,,,,
Palo Verde 2,8/20/2023,4.00,inches,,,,
Pomegranate 29,8/20/2023,55.10,cm,,,,
Pomegranate 3,8/20/2023,21.70,inches,,,,
Pomegranate 15,8/20/2023,14.40,inches,,,,
Etrog 6,8/20/2023,7.00,inches,,,,
Habanero Pepper 11,8/20/2023,7.50,inches,,,,
Etrog 7,8/20/2023,2.50,inches,,,,
Lemon 12,8/20/2023,5.00,inches,,,,
Grapefruit 1,8/20/2023,2.75,inches,,,,
Grapefruit 1.5,8/20/2023,2.70,inches,,,,
Poblano Pepper 9,8/20/2023,5.50,cm,,,,
Mango 7,8/20/2023,30.25,inches,,,,
Pink Lemon 3,8/20/2023,4.50,inches,,,,
Lemon 3,8/20/2023,3.75,inches,,,,
Lemon 4,8/20/2023,1.75,inches,,,,
Texas Persimmon 12,8/21/2023,1.80,cm,,,,
Texas Persimmon 7,8/21/2023,0.50,cm,,,,
Texas Persimmon 4,8/21/2023,3.50,cm,,,,
Key Lime 2,8/21/2023,18.00,inches,,,,
Pomegranate 16,8/21/2023,16.00,inches,,,,
Palo Verde 3,8/21/2023,3.50,inches,,,,
Texas Persimmon 1,8/21/2023,1.50,inches,,,,
Etrog 2,8/21/2023,33.10,cm,,,,
Lemon 6,8/21/2023,27.80,cm,,,,
Etrog 5,8/21/2023,3.85,inches,,,,
Pomegranate 31,8/21/2023,23.50,inches,,,,
Palo Verde 2,8/22/2023,4.50,inches,,,,
Palo Verde 3,8/22/2023,3.75,inches,,,,
Palo Verde 4,8/22/2023,14.80,cm,,,,
Grapefruit 1,8/26/2023,2.75,inches,,,,
Texas Persimmon 1,8/26/2023,3.75,cm,,,,
Texas Persimmon 2,8/26/2023,1.00,inches,,,,
Texas Persimmon 3,8/26/2023,1.25,inches,,,,
Texas Persimmon 4,8/26/2023,3.50,cm,,,,
Texas Persimmon 5,8/26/2023,2.90,cm,,,,
Texas Persimmon 7,8/26/2023,0.75,inches,,,,
Texas Persimmon 8,8/26/2023,3.00,cm,,,,
Texas Persimmon 9,8/26/2023,2.00,cm,,,,
Texas Persimmon 10,8/26/2023,0.75,inches,,,,
Texas Persimmon 13,8/26/2023,1.00,inches,,,,
Texas Persimmon 14,8/26/2023,0.01,inches,,,,
Lemon 14,8/26/2023,30.75,cm,,,,
Lemon 7,8/26/2023,27.10,cm,,,,
Guava 8,8/26/2023,46.50,cm,,,,
Guava 7,8/26/2023,50.10,cm,,,,
Palo Verde 4,8/26/2023,6.90,inches,,,,
Palo Verde 2,8/26/2023,5.75,inches,,,,
Palo Verde 3,8/26/2023,10.00,cm,,,,
Etrog 4,8/26/2023,15.50,inches,,,,
Honey Tangerine 8,8/26/2023,6.60,cm,,,,
Etrog 6,8/26/2023,19.00,cm,,,,
Etrog 7,8/26/2023,7.00,cm,,,,
Etrog 5,8/26/2023,10.00,cm,,,,
Lemon 6,8/26/2023,30.00,cm,,,,
Key Lime 2,8/26/2023,19.25,inches,,,,
Pomegranate 16,8/26/2023,40.10,cm,,,,
Lemon 12,8/26/2023,5.50,inches,,,,
Pink Lemon 3,8/26/2023,4.75,inches,,,,
Pomegranate 31,8/26/2023,24.50,inches,,,,
Etrog 2,8/26/2023,13.25,inches,,,,
Grapefruit 5,8/26/2023,6.75,inches,,,,
Mango 17,8/26/2023,10.75,inches,,,,
Lemon 3,8/26/2023,3.25,inches,,,,
Lemon 4,8/26/2023,2.00,inches,,,,
Key Lime 10,8/26/2023,30.00,cm,,,, 
Pomegranate 35,8/26/2023,24.75,inches,,,,
Grapefruit 6,8/26/2023,9.00,inches,,,,
Persimmon 1,8/26/2023,8.51,inches,,,,
Pomegranate 3,8/26/2023,22.00,inches,,,,
Pomegranate 29,8/26/2023,55.00,cm,,,,
Pomegranate 15,8/26/2023,14.25,inches,,,,
Lemon 9,8/26/2023,10.25,cm,,,,
Honey Tangerine 3,8/26/2023,7.10,inches,,,,
Avocado 3,8/26/2023,11.50,inches,,,,
Mango 7,8/26/2023,30.75,inches,,,,
Texas Persimmon 12,8/26/2023,2.10,cm,,,,
Etrog 6,8/28/2023,7.50,inches,,,,
Etrog 7,8/28/2023,3.10,inches,,,,
Palo Verde 4,8/28/2023,7.75,inches,,,,
Palo Verde 2,8/28/2023,6.20,inches,,,,
Palo Verde 3,8/28/2023,4.18,inches,,,,
Mango 7,8/29/2023,31.25,inches,,,,
Lemon 9,8/29/2023,4.10,inches,,,,
Guava 7,8/29/2023,20.00,inches,,,,
Pomegranate 3,8/29/2023,21.75,inches,,,,
Honey Tangerine 8,8/29/2023,2.65,inches,,,,
Etrog 7,8/29/2023,3.23,inches,,,,
Pomegranate 15,8/29/2023,14.50,inches,,,,
Grapefruit 1,8/29/2023,2.80,inches,,,,
Lemon 12,8/29/2023,5.00,inches,,,,
Pomegranate 16,8/29/2023,40.60,cm,,,,
Grapefruit 1.5,8/29/2023,3.00,inches,,,,
Poblano Pepper 9,8/29/2023,2.25,inches,,,,
Palo Verde 3,8/29/2023,4.52,inches,,,,
Guava 8,8/29/2023,19.25,inches,,,,
Mango 17,8/29/2023,10.75,inches,,,,
Pomegranate 29,8/29/2023,21.75,inches,,,,
Texas Persimmon 9,8/31/2023,3.50,cm,,,,
Texas Persimmon 2,8/31/2023,1.10,inches,,,,
Texas Persimmon 3,8/31/2023,1.25,inches,,,,
Texas Persimmon 10,8/31/2023,0.75,inches,,,,
Texas Persimmon 4,8/31/2023,4.50,cm,,,,
Texas Persimmon 8,8/31/2023,3.50,cm,,,,
Texas Persimmon 5,8/31/2023,1.25,inches,,,,
Texas Persimmon 7,8/31/2023,0.90,inches,,,,
Texas Persimmon 13,8/31/2023,3.00,cm,,,,
Texas Persimmon 12,8/31/2023,3.00,cm,,,,
Texas Persimmon 1,8/31/2023,1.75,inches,,,,
Habanero Pepper 11,8/31/2023,9.60,inches,,,,
Lemon 3,8/31/2023,3.20,inches,,,,
Lemon 4,8/31/2023,2.20,inches,,,,
Jackfruit 5,8/31/2023,23.00,cm,,,,
Jackfruit 4,8/31/2023,14.25,inches,,,,
Texas Persimmon 14,8/31/2023,0.01,inches,,,,
Persimmon 7,9/2/2023,1.75,inches,,,,
Persimmon 7,9/3/2023,2.00,inches,,,,
Etrog 6,9/4/2023,8.25,inches,,,,
Palo Verde 2,9/4/2023,9.38,inches,,,,
Lemon 6,9/4/2023,12.75,inches,,,,
Palo Verde 4,9/4/2023,10.00,inches,,,,
Key Lime 10,9/4/2023,13.70,inches,,,,
Etrog 5,9/4/2023,5.00,inches,,,,
Key Lime 2,9/4/2023,20.40,inches,,,,
Grapefruit 6,9/4/2023,11.25,inches,,,,
Lemon 7,9/4/2023,11.76,inches,,,,
Pomegranate 35,9/4/2023,27.50,inches,,,,
Lemon 14,9/4/2023,12.75,inches,,,,
Grapefruit 5,9/4/2023,8.13,inches,,,,
Pomegranate 31,9/4/2023,26.63,inches,,,,
Etrog 4,9/4/2023,17.49,inches,,,,
Etrog 2,9/4/2023,15.50,inches,,,,
Pink Lemon 3,9/4/2023,5.50,inches,,,,
Persimmon 1,9/4/2023,9.60,inches,,,,
Honey Tangerine 3,9/4/2023,7.00,inches,,,,
Persimmon 7,9/4/2023,2.13,inches,,,,
Palo Verde 2,9/5/2023,9.55,inches,,,,
Palo Verde 4,9/5/2023,10.55,inches,,,,
Etrog 5,9/5/2023,5.25,inches,,,,
Lemon 6,9/5/2023,13.00,inches,,,,
Pink Lemon 3,9/5/2023,5.80,inches,,,,
Persimmon 7,9/5/2023,2.38,inches,,,,
Persimmon 7,9/5/2023,2.48,inches,,,,
Persimmon 1,9/7/2023,10.43,inches,,,,
Etrog 5,9/7/2023,5.19,inches,,,,
Grapefruit 6,9/7/2023,11.48,inches,,,,
Grapefruit 5,9/7/2023,8.31,inches,,,,
Palo Verde 2,9/7/2023,10.45,inches,,,,
Palo Verde 4,9/7/2023,10.88,inches,,,,
Persimmon 7,9/7/2023,2.63,inches,,,,
Persimmon 7,9/8/2023,2.69,inches,,,,
Palo Verde 2,9/8/2023,10.88,inches,,,,
Palo Verde 4,9/8/2023,10.88,inches,,,,
Persimmon 7,9/9/2023,2.75,inches,,,,
Pomegranate 35,9/10/2023,29.00,inches,,,,
Palo Verde 2,9/10/2023,11.13,inches,,,,
Palo Verde 4,9/10/2023,11.31,inches,,,,
Etrog 5,9/10/2023,5.56,inches,,,,
Key Lime 10,9/10/2023,14.19,inches,,,,
Pink Lemon 3,9/10/2023,6.50,inches,,,,
Etrog 6,9/10/2023,9.06,inches,,,,
Lemon 14,9/10/2023,12.63,inches,,,,
Lemon 7,9/10/2023,12.00,inches,,,,
Lemon 6,9/10/2023,13.69,inches,,,,
Pomegranate 31,9/10/2023,26.88,inches,,,,
Key Lime 2,9/10/2023,21.19,inches,,,,
Persimmon 7,9/10/2023,2.75,inches,,,,
Etrog 2,9/10/2023,16.13,inches,,,,
Grapefruit 5,9/10/2023,8.75,inches,,,,
Grapefruit 6,9/10/2023,11.88,inches,,,,
Etrog 4,9/10/2023,18.00,inches,,,,
Persimmon 1,9/10/2023,10.45,inches,,,,
Honey Tangerine 3,9/10/2023,7.13,inches,,,,
Persimmon 7,9/13/2023,2.81,inches,,,,
San Pedro 1,9/13/2023,9.56,inches,,,,
Persimmon 7,9/15/2023,2.38,inches,,,,
Mango 7,9/18/2023,38.50,inches,,,,
Palo Verde 2,9/18/2023,12.00,inches,,,,
Palo Verde 4,9/18/2023,10.56,inches,,,,
Pomegranate 35,9/18/2023,29.00,inches,,,,
Etrog 5,9/18/2023,5.75,inches,,,,
Key Lime 2,9/18/2023,21.25,inches,,,,
Etrog 2,9/18/2023,16.40,inches,,,,
Honey Tangerine 3,9/18/2023,7.25,inches,,,,
Grapefruit 5,9/18/2023,9.25,inches,,,,
Pomegranate 31,9/18/2023,26.75,inches,,,,
Grapefruit 6,9/18/2023,12.00,inches,,,,
Lemon 7,9/18/2023,12.10,inches,,,,
Pink Lemon 3,9/18/2023,6.80,inches,,,,
Key Lime 10,9/18/2023,14.50,inches,,,,
Lemon 6,9/18/2023,14.25,inches,,,,
Etrog 4,9/18/2023,17.65,inches,,,,
Lemon 14,9/18/2023,12.65,inches,,,,
San Pedro 1,9/18/2023,9.50,inches,,,,
Persimmon 1,9/18/2023,10.75,inches,,,,
Etrog 6,9/18/2023,9.05,inches,,,,
Persimmon 7,9/18/2023,2.38,inches,,,,
Persimmon 7,9/24/2023,2.38,inches,,,,
Pomegranate 31,9/24/2023,26.50,inches,,,,
Grapefruit 5,9/24/2023,9.25,inches,,,,
Lemon 7,9/24/2023,11.75,inches,,,,
Pomegranate 35,9/24/2023,29.00,inches,,,,
Palo Verde 4,9/24/2023,10.75,inches,,,,
Key Lime 2,9/24/2023,21.13,inches,,,,
Etrog 5,9/24/2023,5.69,inches,,,,
Palo Verde 2,9/24/2023,12.75,inches,,,,
Key Lime 10,9/24/2023,14.25,inches,,,,
Etrog 2,9/24/2023,16.00,inches,,,,
Lemon 14,9/24/2023,13.00,inches,,,,
Pink Lemon 3,9/24/2023,6.50,inches,,,,
Lemon 6,9/24/2023,14.40,inches,,,,
Etrog 4,9/24/2023,17.75,inches,,,,
Grapefruit 6,9/24/2023,11.75,inches,,,,
Etrog 6,9/24/2023,9.25,inches,,,,
Honey Tangerine 3,9/24/2023,7.13,inches,,,,
San Pedro 1,9/24/2023,9.75,inches,,,,
Persimmon 1,9/24/2023,10.50,inches,,,,
Honey Locust 2,9/24/2023,2.38,inches,,,,
Honey Locust 1,9/24/2023,2.50,inches,,,,
Palo Verde 2,9/29/2023,13.25,inches,,,,
Palo Verde 4,9/29/2023,11.13,inches,,,,
Texas Persimmon 13,10/4/2023,1.38,inches,,,,
Texas Persimmon 12,10/4/2023,1.63,inches,,,,
Texas Persimmon 7,10/4/2023,0.88,inches,,,,
Texas Persimmon 9,10/4/2023,1.75,inches,,,,
Texas Persimmon 5,10/4/2023,2.25,inches,,,,
Texas Persimmon 4,10/4/2023,2.13,inches,,,,
Texas Persimmon 1,10/4/2023,2.25,inches,,,,
Texas Persimmon 2,10/4/2023,1.13,inches,,,,
Texas Persimmon 10,10/4/2023,1.38,inches,,,,
Texas Persimmon 8,10/4/2023,2.25,inches,,,,
Grapefruit 6,10/4/2023,12.75,inches,,,,
Serrano Pepper 6,10/4/2023,16.00,inches,,,,
Key Lime 2,10/4/2023,21.60,inches,,,,
Grapefruit 5,10/4/2023,9.63,inches,,,,
Palo Verde 4,10/4/2023,12.13,inches,,,,
Palo Verde 2,10/4/2023,13.88,inches,,,,
Key Lime 10,10/4/2023,14.50,inches,,,,
Avocado 25,10/4/2023,4.13,inches,,,,
Jackfruit 4,10/4/2023,17.25,inches,,,,
Jackfruit 5,10/4/2023,9.00,inches,,,,
Avocado 4,10/4/2023,11.75,inches,,,,
Etrog 4,10/4/2023,18.25,inches,,,,
Pomegranate 31,10/4/2023,26.25,inches,,,,
Lemon 14,10/4/2023,13.00,inches,,,,
Etrog 2,10/4/2023,15.75,inches,,,,
Persimmon 1,10/4/2023,10.50,inches,,,,
Pink Lemon 3,10/4/2023,6.50,inches,,,,
Lemon 6,10/4/2023,14.13,inches,,,,
Etrog 5,10/4/2023,5.88,inches,,,,
Etrog 6,10/4/2023,9.13,inches,,,,
Lemon 7,10/4/2023,12.38,inches,,,,
Honey Tangerine 3,10/4/2023,7.00,inches,,,,
Pomegranate 35,10/4/2023,28.75,inches,,,,
Lemon 3,10/4/2023,3.25,inches,,,,
Lemon 4,10/4/2023,2.00,inches,,,,
San Pedro 1,10/4/2023,10.05,inches,,,,
Habanero Pepper 11,10/4/2023,13.75,inches,,,,
Pomegranate 15,10/4/2023,17.75,inches,,,,
Pomegranate 29,10/4/2023,26.25,inches,,,,
Mango 7,10/4/2023,39.38,inches,,,,
Mango 17,10/4/2023,12.50,inches,,,,
Poblano Pepper 9,10/4/2023,2.88,inches,,,,
Palo Verde 3,10/4/2023,11.38,inches,,,,
Honey Tangerine 8,10/4/2023,3.50,inches,,,,
Lemon 12,10/4/2023,7.00,inches,,,,
Grapefruit 1.5,10/4/2023,3.38,inches,,,,
Grapefruit 1,10/4/2023,3.00,inches,,,,
Lemon 9,10/4/2023,5.63,inches,,,,
Guava 7,10/4/2023,26.25,inches,,,,
Guava 8,10/4/2023,28.00,inches,,,,
Etrog 7,10/4/2023,5.63,inches,,,,
Pomegranate 16,10/4/2023,22.50,inches,,,,
Pomegranate 3,10/4/2023,33.50,inches,,,,
Honey Locust 3,10/6/2023,2.25,inches,,,,
Honey Locust 4,10/6/2023,2.63,inches,,,,
Persimmon 7,10/6/2023,2.38,inches,,,,
Guava 7,10/10/2023,27.38,inches,,,,
Guava 8,10/10/2023,29.25,inches,,,,
Mango 7,10/10/2023,39.25,inches,,,,
Mango 17,10/10/2023,12.55,inches,,,,
Etrog 7,10/10/2023,6.00,inches,,,,
Palo Verde 3,10/10/2023,11.50,inches,,,,
Honey Tangerine 8,10/10/2023,3.63,inches,,,,
Grapefruit 1.5,10/10/2023,3.70,inches,,,,
Lemon 12,10/10/2023,7.25,inches,,,,
Texas Persimmon 7,10/11/2023,0.88,inches,,,,
Mango 7,10/14/2023,38.88,inches,,,,
Honey Locust 4,10/17/2023,2.38,inches,,,,
Honey Locust 6,10/17/2023,1.00,inches,,,,
Etrog 7,10/17/2023,6.13,inches,,,,
Mango 7,10/17/2023,38.75,inches,,,,
Mango 17,10/17/2023,12.75,inches,,,,
Avocado 25,10/18/2023,4.75,inches,,,,
Guava 8,10/18/2023,30.75,inches,,,,
Pomegranate 31,10/19/2023,26.75,inches,,,,
Pomegranate 3,10/19/2023,34.75,inches,,,,
Palo Verde 3,10/19/2023,11.50,inches,,,,
Jackfruit 4,10/19/2023,18.00,inches,,,,
Guava 8,10/19/2023,30.80,inches,,,,
Pomegranate 15,10/19/2023,17.88,inches,,,,
Etrog 4,10/19/2023,18.25,inches,,,,
Texas Persimmon 13,10/19/2023,1.75,inches,,,,
Texas Persimmon 1,10/19/2023,2.25,inches,,,,
Texas Persimmon 10,10/19/2023,1.30,inches,,,,
Texas Persimmon 2,10/19/2023,1.25,inches,,,,
Texas Persimmon 5,10/19/2023,2.22,inches,,,,
Texas Persimmon 8,10/19/2023,2.25,inches,,,,
Texas Persimmon 9,10/19/2023,1.75,inches,,,,
Texas Persimmon 4,10/19/2023,2.20,inches,,,,
Texas Persimmon 12,10/19/2023,1.90,inches,,,,
Palo Verde 4,10/19/2023,13.75,inches,,,,
Palo Verde 2,10/19/2023,15.25,inches,,,,
Etrog 7,10/19/2023,6.25,inches,,,,
Key Lime 2,10/19/2023,21.75,inches,,,,
Lemon 9,10/19/2023,6.38,inches,,,,
Grapefruit 6,10/19/2023,12.50,inches,,,,
Grapefruit 5,10/19/2023,10.50,inches,,,,
Key Lime 10,10/19/2023,14.38,inches,,,,
San Pedro 1,10/19/2023,10.25,inches,,,,
Lemon 14,10/19/2023,13.50,inches,,,,
Lemon 6,10/19/2023,14.25,inches,,,,
Pomegranate 29,10/19/2023,26.38,inches,,,,
Etrog 5,10/19/2023,7.00,inches,,,,
Honey Tangerine 3,10/19/2023,7.13,inches,,,,
Pink Lemon 3,10/19/2023,6.88,inches,,,,
Avocado 25,10/19/2023,4.75,inches,,,,
Lemon 3,10/19/2023,3.38,inches,,,,
Lemon 4,10/19/2023,2.25,inches,,,,
Honey Locust 6,10/19/2023,1.75,inches,,,,
Etrog 2,10/19/2023,16.13,inches,,,,
Persimmon 1,10/19/2023,10.42,inches,,,,
Pomegranate 35,10/19/2023,29.00,inches,,,,
Jackfruit 5,10/19/2023,9.00,inches,,,,
Lemon 7,10/19/2023,13.50,inches,,,,
Habanero Pepper 11,10/19/2023,14.50,inches,,,,
Etrog 6,10/19/2023,10.00,inches,,,,
Pomegranate 16,10/19/2023,22.75,inches,,,,
Avocado 4,10/19/2023,12.25,inches,,,,
Persimmon 7,10/21/2023,2.50,inches,,,,
Avocado 4,10/21/2023,12.00,inches,,,,
Grapefruit 1.5,10/22/2023,8.50,cm,,,,
Grapefruit 1,10/22/2023,8.00,cm,,,,
Honey Tangerine 8,10/22/2023,9.00,cm,,,,
Lemon 12,10/22/2023,18.80,cm,,,,
Mango 17,10/22/2023,32.00,cm,,,,
Guava 7,10/22/2023,70.50,cm,,,,
Honey Locust 4,10/24/2023,2.38,inches,,,,
Palo Verde 4,10/24/2023,14.00,inches,,,,
Etrog 6,10/24/2023,10.00,inches,,,,
Palo Verde 3,10/24/2023,12.25,inches,,,,
Guava 8,10/24/2023,31.38,inches,,,,
Etrog 7,10/24/2023,6.13,inches,,,,
Pink Lemon 3,10/24/2023,6.69,inches,,,,
San Pedro 1,10/25/2023,10.63,inches,,,,
Honey Locust 6,10/25/2023,2.63,inches,,,,
Persimmon 7,10/25/2023,0.38,inches,,,,
Guava 8,10/27/2023,31.80,inches,,,,
Mango 7,10/27/2023,39.38,inches,,,,
Mango 17,10/27/2023,12.63,inches,,,,
Etrog 7,10/27/2023,6.13,inches,,,,
Jackfruit 4,10/27/2023,18.38,inches,,,,
Avocado 25,10/27/2023,5.00,inches,,,,
Etrog 5,10/27/2023,7.25,inches,,,,
Lemon 14,10/27/2023,13.60,inches,,,,
Honey Locust 6,10/27/2023,2.63,inches,,,,
Texas Persimmon 12,10/30/2023,1.88,inches,,,,
Texas Persimmon 2,10/30/2023,1.13,inches,,,,
Texas Persimmon 1,10/30/2023,2.25,inches,,,,
Honey Locust 9,10/30/2023,1.88,inches,,,,
Honey Locust 10,10/30/2023,1.63,inches,,,,
Honey Locust 11,10/30/2023,2.38,inches,,,,
Texas Persimmon 9,10/30/2023,1.75,inches,,,,
Texas Persimmon 5,10/30/2023,2.25,inches,,,,
Texas Persimmon 8,10/30/2023,2.00,inches,,,,
Honey Locust 12,10/30/2023,1.25,inches,,,,
Honey Locust 8,10/30/2023,1.75,inches,,,,
Honey Locust 7,10/30/2023,1.25,inches,,,,
Texas Persimmon 4,10/30/2023,2.13,inches,,,,
San Pedro 1,10/31/2023,10.75,inches,,,,
Persimmon 7,11/1/2023,0.81,inches,,,,
Persimmon 7,11/2/2023,0.83,inches,,,,
San Pedro 1,11/2/2023,10.75,inches,,,,
Persimmon 7,11/4/2023,0.69,inches,,,,
Texas Persimmon 12,11/4/2023,1.75,inches,,,,
Texas Persimmon 8,11/4/2023,2.19,inches,,,,
Texas Persimmon 2,11/4/2023,1.25,inches,,,,
Texas Persimmon 4,11/4/2023,2.00,inches,,,,
Texas Persimmon 9,11/4/2023,1.75,inches,,,,
Texas Persimmon 1,11/4/2023,2.25,inches,,,,
Texas Persimmon 5,11/4/2023,2.25,inches,,,,
Texas Persimmon 10,11/4/2023,1.63,inches,,,,
Mango 7,11/4/2023,39.50,inches,,,,
Mango 17,11/4/2023,13.13,inches,,,,
Pink Lemon 3,11/4/2023,6.75,inches,,,,
Avocado 4,11/4/2023,12.00,inches,,,,
Honey Tangerine 3,11/4/2023,7.00,inches,,,,
Lemon 9,11/4/2023,6.50,inches,,,,
Lemon 12,11/4/2023,7.75,inches,,,,
Grapefruit 5,11/4/2023,10.94,inches,,,,
Lemon 14,11/4/2023,14.38,inches,,,,
Persimmon 1,11/4/2023,10.13,inches,,,,
Key Lime 10,11/4/2023,14.38,inches,,,,
Jackfruit 4,11/4/2023,18.81,inches,,,,
Honey Locust 9,11/4/2023,3.00,inches,,,,
Etrog 7,11/4/2023,6.38,inches,,,,
Palo Verde 4,11/4/2023,14.25,inches,,,,
Palo Verde 2,11/4/2023,17.00,inches,,,,
Honey Locust 7,11/4/2023,2.19,inches,,,,
Honey Locust 10,11/4/2023,2.50,inches,,,,
Honey Locust 12,11/4/2023,1.63,inches,,,,
Honey Locust 8,11/4/2023,2.38,inches,,,,
Honey Locust 11,11/4/2023,3.13,inches,,,,
Grapefruit 6,11/4/2023,13.19,inches,,,,
Avocado 25,11/4/2023,4.80,inches,,,,
Etrog 5,11/4/2023,7.38,inches,,,,
Lemon 6,11/4/2023,14.25,inches,,,,
Honey Tangerine 8,11/4/2023,3.63,inches,,,,
Jackfruit 5,11/4/2023,9.38,inches,,,,
Guava 7,11/4/2023,28.25,inches,,,,
Texas Persimmon 13,11/4/2023,2.25,inches,,,,
Guava 8,11/4/2023,32.00,inches,,,,
Key Lime 2,11/4/2023,21.88,inches,,,,
Honey Locust 13,11/4/2023,1.63,inches,,,,
Grapefruit 1,11/4/2023,3.25,inches,,,,
Etrog 6,11/4/2023,9.88,inches,,,,
Etrog 2,11/4/2023,16.50,inches,,,,
San Pedro 1,11/6/2023,10.50,inches,,,,
Texas Persimmon 2,11/7/2023,1.38,inches,,,,
Texas Persimmon 10,11/7/2023,2.00,inches,,,,
Texas Persimmon 8,11/7/2023,2.63,inches,,,,
Texas Persimmon 5,11/7/2023,2.31,inches,,,,
Texas Persimmon 9,11/7/2023,1.88,inches,,,,
Texas Persimmon 4,11/7/2023,2.13,inches,,,,
Texas Persimmon 12,11/7/2023,2.00,inches,,,,
Texas Persimmon 1,11/7/2023,2.13,inches,,,,
Honey Locust 9,11/7/2023,3.13,inches,,,,
Honey Locust 13,11/7/2023,2.50,inches,,,,
San Pedro 1,11/9/2023,10.56,inches,,,,
Texas Persimmon 8,11/9/2023,2.63,inches,,,,
Persimmon 7,11/9/2023,0.81,inches,,,,
Texas Persimmon 10,11/9/2023,2.00,inches,,,,
Guava 8,11/11/2023,32.25,inches,,,,
Persimmon 1,11/11/2023,10.13,inches,,,,
Etrog 4,11/11/2023,18.31,inches,,,,
Honey Locust 9,11/11/2023,3.25,inches,,,,
Honey Locust 13,11/11/2023,3.13,inches,,,,
Honey Locust 8,11/11/2023,2.50,inches,,,,
Honey Locust 7,11/11/2023,2.38,inches,,,,
Honey Locust 10,11/11/2023,2.75,inches,,,,
Honey Locust 12,11/11/2023,1.88,inches,,,,
Honey Locust 11,11/11/2023,3.25,inches,,,,
Mango 17,11/11/2023,13.50,inches,,,,
Jackfruit 4,11/11/2023,18.38,inches,,,,
Jackfruit 5,11/11/2023,9.19,inches,,,,
Key Lime 10,11/11/2023,14.25,inches,,,,
Key Lime 2,11/11/2023,21.69,inches,,,,
Grapefruit 6,11/11/2023,13.00,inches,,,,
Lemon 12,11/11/2023,7.63,inches,,,,
Palo Verde 2,11/11/2023,16.75,inches,,,,
Pink Lemon 3,11/11/2023,6.25,inches,,,,
Lemon 9,11/11/2023,6.63,inches,,,,
Honey Tangerine 3,11/11/2023,7.00,inches,,,,
Etrog 7,11/11/2023,6.50,inches,,,,
Honey Tangerine 8,11/11/2023,3.75,inches,,,,
Avocado 25,11/11/2023,5.25,inches,,,,
Lemon 14,11/11/2023,14.25,inches,,,,
Grapefruit 5,11/11/2023,11.00,inches,,,,
Texas Persimmon 9,11/11/2023,1.88,inches,,,,
Texas Persimmon 13,11/11/2023,2.50,inches,,,,
Palo Verde 4,11/11/2023,14.63,inches,,,,
Palo Verde 3,11/11/2023,13.75,inches,,,,
Etrog 5,11/11/2023,7.25,inches,,,,
Lemon 6,11/11/2023,14.38,inches,,,,
Etrog 6,11/11/2023,10.00,inches,,,,
Lemon 7,11/11/2023,13.88,inches,,,,
Etrog 2,11/11/2023,16.69,inches,,,,
Mango 7,11/11/2023,39.25,inches,,,,
Avocado 2,11/11/2023,20.38,inches,,,,
Grapefruit 1,11/11/2023,3.19,inches,,,,
Grapefruit 1.5,11/11/2023,3.13,inches,,,,
Habanero Pepper 11,11/11/2023,16.63,inches,,,,
Guava 7,11/11/2023,28.44,inches,,,,
Serrano Pepper 8,11/11/2023,19.25,inches,,,,
Serrano Pepper 6,11/11/2023,22.63,inches,,,,
Texas Persimmon 2,11/15/2023,1.38,inches,,,,
Texas Persimmon 10,11/15/2023,2.00,inches,,,,
Texas Persimmon 1,11/15/2023,2.25,inches,,,,
Texas Persimmon 5,11/15/2023,2.25,inches,,,,
Texas Persimmon 12,11/15/2023,2.25,inches,,,,
Texas Persimmon 8,11/15/2023,2.75,inches,,,,
Texas Persimmon 4,11/15/2023,2.44,inches,,,,
Persimmon 7,11/15/2023,0.81,inches,,,,
Palo Verde 2,11/15/2023,17.25,inches,,,,
Palo Verde 3,11/15/2023,14.00,inches,,,,
Palo Verde 4,11/15/2023,14.75,inches,,,,
Honey Locust 9,11/15/2023,3.50,inches,,,,
Honey Locust 11,11/15/2023,3.38,inches,,,,
Honey Locust 12,11/15/2023,2.00,inches,,,,
Honey Locust 10,11/15/2023,3.00,inches,,,,
Honey Locust 7,11/15/2023,2.50,inches,,,,
Honey Locust 13,11/15/2023,3.38,inches,,,,
Honey Locust 8,11/15/2023,2.75,inches,,,,
Etrog 4,11/18/2023,18.69,inches,,,,
Pomegranate 3,11/18/2023,32.50,inches,,,,
Pomegranate 35,11/18/2023,29.06,inches,,,,
Pomegranate 29,11/18/2023,21.88,inches,,,,
Mango 17,11/18/2023,13.81,inches,,,,
Pomegranate 16,11/18/2023,16.75,inches,,,,
Pomegranate 15,11/18/2023,18.19,inches,,,,
Pink Lemon 3,11/18/2023,7.13,inches,,,,
Honey Tangerine 3,11/18/2023,7.00,inches,,,,
Key Lime 2,11/18/2023,22.00,inches,,,,
Palo Verde 3,11/18/2023,13.75,inches,,,,
Palo Verde 2,11/18/2023,17.25,inches,,,,
Lemon 12,11/18/2023,7.63,inches,,,,
Guava 8,11/18/2023,32.25,inches,,,,
Grapefruit 6,11/18/2023,13.38,inches,,,,
Etrog 7,11/18/2023,6.44,inches,,,,
Honey Locust 9,11/18/2023,3.50,inches,,,,
Honey Locust 13,11/18/2023,3.50,inches,,,,
Lemon 9,11/18/2023,6.75,inches,,,,
Honey Locust 11,11/18/2023,3.38,inches,,,,
Key Lime 10,11/18/2023,14.63,inches,,,,
Grapefruit 1,11/18/2023,3.38,inches,,,,
Grapefruit 1.5,11/18/2023,3.25,inches,,,,
Honey Locust 10,11/18/2023,2.88,inches,,,,
Honey Locust 7,11/18/2023,2.50,inches,,,,
Etrog 5,11/18/2023,7.50,inches,,,,
Persimmon 1,11/18/2023,10.13,inches,,,,
Etrog 6,11/18/2023,10.00,inches,,,,
Lemon 7,11/18/2023,13.88,inches,,,,
Grapefruit 5,11/18/2023,10.88,inches,,,,
Honey Locust 8,11/18/2023,2.75,inches,,,,
Texas Persimmon 13,11/18/2023,2.63,inches,,,,
Lemon 6,11/18/2023,14.50,inches,,,,
Lemon 14,11/18/2023,14.50,inches,,,,
Honey Locust 12,11/18/2023,2.19,inches,,,,
Texas Persimmon 9,11/18/2023,2.81,inches,,,,
Avocado 25,11/18/2023,5.13,inches,,,,
Palo Verde 4,11/18/2023,14.75,inches,,,,
Etrog 2,11/18/2023,16.75,inches,,,,
Pomegranate 31,11/18/2023,26.94,inches,,,,
Jackfruit 5,11/18/2023,9.50,inches,,,,
Mango 7,11/18/2023,39.44,inches,,,,
Jackfruit 4,11/18/2023,18.50,inches,,,,
Guava 7,11/18/2023,28.50,inches,,,,
Persimmon 7,11/18/2023,0.81,inches,,,,
San Pedro 1,11/29/2023,10.63,inches,,,,
Persimmon 7,11/29/2023,0.94,inches,,,,
Avocado 4,12/7/2023,12.25,inches,,,,
Pomegranate 35,12/7/2023,29.13,inches,,,,
Pomegranate 3,12/7/2023,32.25,inches,,,,
Palo Verde 3,12/7/2023,14.00,inches,,,,
Etrog 4,12/7/2023,18.63,inches,,,,
Avocado 25,12/7/2023,5.25,inches,,,,
Honey Tangerine 3,12/7/2023,7.00,inches,,,,
Etrog 5,12/7/2023,7.50,inches,,,,
Key Lime 10,12/7/2023,14.75,inches,,,,
Etrog 7,12/7/2023,6.38,inches,,,,
Honey Locust 13,12/7/2023,3.75,inches,,,,
Honey Locust 12,12/7/2023,2.75,inches,,,,
Honey Locust 8,12/7/2023,3.63,inches,,,,
Honey Locust 7,12/7/2023,2.75,inches,,,,
Honey Locust 10,12/7/2023,3.50,inches,,,,
Pomegranate 29,12/7/2023,21.94,inches,,,,
Etrog 6,12/7/2023,9.25,inches,,,,
Pomegranate 15,12/7/2023,17.75,inches,,,,
Pomegranate 16,12/7/2023,16.75,inches,,,,
Avocado 2,12/7/2023,20.75,inches,,,,
Lemon 12,12/7/2023,7.50,inches,,,,
Pomegranate 31,12/7/2023,26.75,inches,,,,
Etrog 2,12/7/2023,16.75,inches,,,,
Lemon 6,12/7/2023,14.44,inches,,,,
Texas Persimmon 8,12/7/2023,2.88,inches,,,,
Jackfruit 5,12/7/2023,9.38,inches,,,,
Grapefruit 5,12/7/2023,11.50,inches,,,,
Grapefruit 1,12/7/2023,3.25,inches,,,,
Mango 7,12/7/2023,39.38,inches,,,,
Palo Verde 4,12/7/2023,15.50,inches,,,,
Pink Lemon 3,12/7/2023,7.00,inches,,,,
Texas Persimmon 2,12/7/2023,1.38,inches,,,,
Texas Persimmon 1,12/7/2023,2.00,inches,,,,
Texas Persimmon 10,12/7/2023,2.00,inches,,,,
Texas Persimmon 5,12/7/2023,2.25,inches,,,,
Texas Persimmon 4,12/7/2023,2.25,inches,,,,
Texas Persimmon 12,12/7/2023,2.25,inches,,,,
Persimmon 1,12/7/2023,10.13,inches,,,,
Serrano Pepper 8,12/7/2023,19.00,inches,,,,
Guava 8,12/7/2023,32.25,inches,,,,
Mango 17,12/7/2023,13.88,inches,,,,
Grapefruit 1.5,12/7/2023,3.25,inches,,,,
Lemon 7,12/7/2023,14.00,inches,,,,
Palo Verde 2,12/7/2023,17.50,inches,,,,
Grapefruit 6,12/7/2023,13.13,inches,,,,
Key Lime 2,12/7/2023,21.88,inches,,,,
Lemon 9,12/7/2023,7.00,inches,,,,
Honey Locust 15,12/7/2023,1.50,inches,,,,
Lemon 14,12/7/2023,14.31,inches,,,,
San Pedro 1,12/7/2023,10.63,inches,,,,
Honey Locust 11,12/7/2023,4.00,inches,,,,
Jackfruit 4,12/7/2023,18.50,inches,,,,
Guava 7,12/7/2023,28.50,inches,,,,
Mango 17,12/18/2023,13.75,inches,,,,
Beet 1,12/20/2023,0.50,inches,,,,
Pomegranate 15,12/22/2023,18.25,inches,,,,
Pomegranate 35,12/22/2023,29.13,inches,,,,
Pomegranate 3,12/22/2023,32.19,inches,,,,
Pomegranate 16,12/22/2023,17.00,inches,,,,
Honey Tangerine 3,12/22/2023,7.00,inches,,,,
Mango 17,12/22/2023,13.63,inches,,,,
Lemon 9,12/22/2023,7.00,inches,,,,
Pomegranate 29,12/22/2023,21.81,inches,,,,
Grapefruit 1.5,12/22/2023,3.38,inches,,,,
Avocado 2,12/22/2023,20.63,inches,,,,
Key Lime 2,12/22/2023,21.50,inches,,,,
Guava 8,12/22/2023,32.35,inches,,,,
Avocado 4,12/22/2023,12.13,inches,,,,
Lemon 14,12/22/2023,14.25,inches,,,,
Palo Verde 3,12/22/2023,14.27,inches,,,,
Etrog 7,12/22/2023,6.25,inches,,,,
Honey Locust 7,12/22/2023,2.94,inches,,,,
Honey Locust 13,12/22/2023,4.13,inches,,,,
Pink Lemon 3,12/22/2023,7.00,inches,,,,
Etrog 5,12/22/2023,7.63,inches,,,,
Etrog 6,12/22/2023,9.13,inches,,,,
Avocado 25,12/22/2023,5.25,inches,,,,
Lemon 6,12/22/2023,13.38,inches,,,,
Honey Locust 12,12/22/2023,3.38,inches,,,,
Honey Locust 8,12/22/2023,3.38,inches,,,,
Honey Locust 10,12/22/2023,3.88,inches,,,,
Pomegranate 31,12/22/2023,26.75,inches,,,,
Etrog 2,12/22/2023,16.69,inches,,,,
Grapefruit 5,12/22/2023,11.00,inches,,,,
Lemon 12,12/22/2023,7.63,inches,,,,
Palo Verde 4,12/22/2023,16.25,inches,,,,
Mango 7,12/22/2023,39.25,inches,,,,
Jackfruit 5,12/22/2023,9.25,inches,,,,
Jackfruit 4,12/22/2023,18.25,inches,,,,
Persimmon 1,12/22/2023,10.25,inches,,,,
Habanero Pepper 11,12/22/2023,17.00,inches,,,,
Grapefruit 1,12/22/2023,3.38,inches,,,,
Lemon 7,12/22/2023,14.00,inches,,,,
Etrog 4,12/22/2023,18.75,inches,,,,
San Pedro 1,12/22/2023,10.75,inches,,,,
Grapefruit 6,12/22/2023,13.19,inches,,,,
Key Lime 10,12/22/2023,14.75,inches,,,,
Honey Locust 11,12/22/2023,4.13,inches,,,,
Palo Verde 2,12/22/2023,17.38,inches,,,,
Honey Locust 6,12/22/2023,1.50,inches,,,,
Serrano Pepper 8,12/22/2023,22.75,inches,,,,
Guava 7,12/22/2023,28.44,inches,,,,
Texas Persimmon 8,12/22/2023,2.88,inches,,,,
Beet 1,12/23/2023,1.25,inches,,,,
Beet 2,12/27/2023,0.00,inches,,,,
Beet 2,12/28/2023,0.50,inches,,,,
Sabal Palm 1,12/31/2023,0.00,inches,,,,
Etrog 7,1/1/2024,7.38,inches,,,,
Etrog 5,1/1/2024,8.63,inches,,,,
Sabal Palm 2,1/2/2024,0.00,inches,,,,
Guava 7,1/3/2024,28.75,inches,,,,
Jackfruit 4,1/3/2024,18.50,inches,,,,
Beet 2,1/3/2024,1.88,inches,,,,
Beet 1,1/3/2024,2.75,inches,,,,
Etrog 7,1/4/2024,7.63,inches,,,,
San Pedro 1,1/5/2024,10.88,inches,,,,
Beet 2,1/6/2024,3.00,inches,,,,
Etrog 7,1/7/2024,7.81,inches,,,,
Etrog 5,1/7/2024,9.00,inches,,,,
Guava 7,1/7/2024,28.63,inches,,,,
Guava 8,1/7/2024,33.00,inches,,,,
Sabal Palm 1,1/7/2024,0.50,inches,,,,
Sabal Palm 2,1/7/2024,0.13,inches,,,,
Beet 2,1/8/2024,3.63,inches,,,,
Beet 1,1/8/2024,2.88,inches,,,,
Etrog 7,1/10/2024,7.75,inches,,,,
Beet 2,1/11/2024,4.38,inches,,,,
Beet 1,1/11/2024,2.88,inches,"Stoped growing, turned maroon 1/5/24",,,
San Pedro 1,1/11/2024,10.94,inches,,,,
Jackfruit 4,1/11/2024,18.63,inches,,,,
Jackfruit 5,1/11/2024,9.50,inches,,,,
Lemon 12,1/12/2024,9.19,inches,,,,
Lemon 14,1/12/2024,14.50,inches,,,,
Lemon 7,1/12/2024,14.88,inches,,,,
Mango 17,1/12/2024,14.00,inches,,,,
Beet 2,1/12/2024,4.63,inches,,,,
Etrog 7,1/12/2024,7.75,inches,,,,
Etrog 5,1/12/2024,9.13,inches,,,,
San Pedro 1,1/12/2024,10.94,inches,,,,
Etrog 4,1/12/2024,18.31,inches,,,,
Etrog 2,1/12/2024,16.50,inches,"by this point, the second stem was 10.25 long",,,
Palo Verde 2,1/13/2024,17.44,inches,,,,
Palo Verde 3,1/13/2024,14.06,inches,,,,
Palo Verde 4,1/13/2024,16.50,inches,,,,
Avocado 2,1/13/2024,20.88,inches,,,,
Avocado 4,1/13/2024,12.38,inches,,,,
Avocado 25,1/13/2024,5.38,inches,,,,
Sabal Palm 1,1/13/2024,0.63,inches,,,,
Sabal Palm 2,1/13/2024,0.63,inches,,,,
Honey Locust 11,1/13/2024,4.06,inches,,,,
Honey Locust 10,1/13/2024,4.50,inches,,,,
Honey Locust 8,1/13/2024,4.25,inches,,,,
Honey Locust 12,1/13/2024,3.75,inches,,,,
Honey Locust 13,1/13/2024,4.25,inches,,,,
Honey Locust 7,1/13/2024,2.75,inches,,,,
Sabal Palm 6,1/16/2024,0.25,inches,,,,
Etrog 5,1/17/2024,9.13,inches,,,,
Etrog 7,1/17/2024,7.88,inches,,,,
San Pedro 1,1/17/2024,11.06,inches,,,,
Mango 17,1/17/2024,14.19,inches,,,,
Sabal Palm 6,1/17/2024,0.45,inches,,,,
Sabal Palm 1,1/17/2024,0.88,inches,,,,
Sabal Palm 2,1/17/2024,0.63,inches,,,,
Beet 2,1/17/2024,5.06,inches,,,,
Beet 1,1/17/2024,3.75,inches,,,,
Palo Verde 4,1/17/2024,16.50,inches,,,,
Palo Verde 2,1/17/2024,17.38,inches,,,,
Jackfruit 4,1/17/2024,19.00,inches,,,,
Grapefruit 11,1/17/2024,0.00,inches,,,,
Lemon 12,1/19/2024,9.38,inches,,,,
Grapefruit 11,1/19/2024,0.56,inches,,,,
Grapefruit 11,1/20/2024,0.75,inches,,,,
Sabal Palm 6,1/20/2024,0.56,inches,,,,
Grapefruit 11,1/21/2024,0.94,inches,,,,
Texas Persimmon 4,1/22/2024,2.25,inches,,,,
Texas Persimmon 8,1/22/2024,2.88,inches,,,,
Grapefruit 11,1/22/2024,1.13,inches,,,,
Magnolia 2,1/22/2024,0.00,inches,,,,
Magnolia 2,1/22/2024,0.13,inches,,,,
Magnolia 9,1/22/2024,0.25,inches,,,,
Pomegranate 15,1/22/2024,18.25,inches,,,,
Pomegranate 35,1/22/2024,29.13,inches,,,,
Pomegranate 3,1/22/2024,32.19,inches,,,,
Pomegranate 16,1/22/2024,17.00,inches,,,,
Pomegranate 29,1/22/2024,21.81,inches,,,,
Pomegranate 31,1/22/2024,26.75,inches,,,,
Grapefruit 11,1/23/2024,1.25,inches,,,,
Palo Verde 2,1/23/2024,17.50,inches,,,,
Palo Verde 4,1/23/2024,16.50,inches,,,,
Mango 17,1/23/2024,14.25,inches,,,,
Mango 7,1/23/2024,39.13,inches,,,,
Avocado 2,1/23/2024,21.06,inches,,,,
San Pedro 1,1/23/2024,11.06,inches,,,,
Grapefruit 11,1/24/2024,1.38,inches,,,,
Magnolia 9,1/24/2024,0.50,inches,,,,
Magnolia 2,1/24/2024,0.25,inches,,,,
Sabal Palm 1,1/24/2024,1.00,inches,,,,
Sabal Palm 2,1/24/2024,0.88,inches,,,,
Honey Locust 12,1/24/2024,4.13,inches,,,,
Honey Locust 13,1/24/2024,4.25,inches,,,,
Honey Locust 10,1/24/2024,5.63,inches,,,,
Honey Locust 7,1/24/2024,2.75,inches,,,,
Honey Locust 11,1/24/2024,4.00,inches,,,,
Honey Locust 8,1/24/2024,3.19,inches,,,,
Beet 1,1/24/2024,5.63,inches,,,,
Beet 2,1/24/2024,5.63,inches,,,,
Jackfruit 4,1/25/2024,19.25,inches,,,,
Sabal Palm 1,1/25/2024,1.00,inches,,,,
Sabal Palm 2,1/25/2024,1.13,inches,,,,
Grapefruit 11,1/25/2024,1.50,inches,,,,
Sabal Palm 6,1/25/2024,1.00,inches,,,,
Magnolia 9,1/25/2024,1.25,inches,,,,
Sabal Palm 6,1/26/2024,1.06,inches,,,,
Magnolia 9,1/26/2024,1.38,inches,,,,
Grapefruit 11,1/26/2024,1.50,inches,,,,
Magnolia 2,1/26/2024,0.63,inches,,,,
Sabal Palm 6,1/27/2024,1.13,inches,,,,
Grapefruit 11,1/27/2024,1.50,inches,,,,
Beet 2,1/27/2024,5.75,inches,,,,
Beet 1,1/27/2024,5.69,inches,,,,
Honey Locust 10,1/27/2024,5.63,inches,,,,
Magnolia 9,1/27/2024,1.38,inches,,,,
Magnolia 2,1/27/2024,0.75,inches,,,,
Magnolia 9,1/28/2024,1.40,inches,,,,
Grapefruit 11,1/28/2024,1.50,inches,,,,
Magnolia 2,1/28/2024,1.00,inches,,,,
Sabal Palm 6,1/28/2024,1.25,inches,,,,
Sabal Palm 1,1/28/2024,1.63,inches,,,,
Grapefruit 11,1/29/2024,1.63,inches,,,,
Magnolia 9,1/29/2024,1.50,inches,,,,
Magnolia 2,1/29/2024,1.00,inches,,,,
Pomegranate 38,1/30/2024,0.00,inches,,,,
Guava 8,1/31/2024,33.00,inches,,,,
Guava 7,1/31/2024,29.00,inches,,,,
Etrog 5,1/31/2024,9.00,inches,,,,
Etrog 7,1/31/2024,7.88,inches,,,,
Mango 17,1/31/2024,14.25,inches,,,,
Avocado 2,1/31/2024,21.25,inches,,,,
Palo Verde 2,1/31/2024,16.50,inches,,,,
Palo Verde 3,1/31/2024,14.50,inches,,,,
Jackfruit 4,2/2/2024,19.50,inches,,,,
Texas Persimmon 8,2/2/2024,3.44,inches,,,,
Texas Persimmon 4,2/2/2024,2.88,inches,,,,
Magnolia 9,2/2/2024,1.13,inches,,,,
Magnolia 2,2/2/2024,1.25,inches,,,,
Honey Tangerine 13,2/2/2024,0.63,inches,,,,
Sabal Palm 1,2/2/2024,2.00,inches,,,,
Grapefruit 11,2/2/2024,1.63,inches,,,,
Sabal Palm 6,2/2/2024,1.56,inches,,,,
Sabal Palm 2,2/2/2024,1.13,inches,,,,
Jackfruit 5,2/2/2024,9.63,inches,,,,
Beet 2,2/2/2024,5.88,inches,,,,
Beet 1,2/2/2024,6.00,inches,,,,
Honey Locust 10,2/2/2024,5.88,inches,,,,
Honey Locust 13,2/2/2024,4.25,inches,,,,
Honey Locust 11,2/2/2024,4.06,inches,,,,
Honey Locust 8,2/2/2024,3.00,inches,,,,
Pomegranate 38,2/2/2024,0.75,inches,,,,
Magnolia 9,2/4/2024,1.25,inches,,,,
Magnolia 2,2/4/2024,1.19,inches,,,,
Grapefruit 11,2/4/2024,1.625,inches,,,,
Honey Tangerine 13,2/4/2024,0.75,inches,,,,
Texas Persimmon 4,2/4/2024,3.25,inches,,,,
Texas Persimmon 8,2/4/2024,3.50,inches,,,,
Pomegranate 38,2/4/2024,1.13,inches,,,,
Evergreen Sumac 2,2/6/2024,0.10,inches,,,,
Persimmon 12,2/9/2024,0.00,inches,,,,
Persimmon 12,2/10/2024,0.10,inches,,,,
San Pedro 1,2/11/2024,11.50,inches,,,,
Guava 8,2/11/2024,33.00,inches,,,,
Guava 7,2/11/2024,29.25,inches,,,,
Grapefruit 6,2/11/2024,13.00,inches,,,,
Key Lime 10,2/11/2024,14.88,inches,,,,
Avocado 4,2/11/2024,12.40,inches,,,,
Pink Lemon 3,2/11/2024,7.00,inches,,,,
Etrog 2,2/11/2024,16.44,inches,,,,
Lemon 7,2/11/2024,15.06,inches,,,,
Etrog 7,2/11/2024,7.88,inches,,,,
Etrog 5,2/11/2024,9.00,inches,,,,
Mango 17,2/11/2024,14.25,inches,,,,
Palo Verde 2,2/11/2024,17.88,inches,,,,
Palo Verde 4,2/11/2024,16.88,inches,,,,
Lemon 14,2/11/2024,14.50,inches,,,,
Palo Verde 3,2/11/2024,15.25,inches,,,,
Sabal Palm 2,2/11/2024,1.25,inches,,,,
Sabal Palm 1,2/11/2024,2.25,inches,,,,
Lemon 12,2/11/2024,9.63,inches,,,,
Lemon 9,2/11/2024,7.06,inches,,,,
Sabal Palm 6,2/11/2024,2.06,inches,,,,
Avocado 2,2/11/2024,21.38,inches,,,,
Mango 7,2/11/2024,38.88,inches,,,,
Key Lime 2,2/11/2024,19.25,inches,,,,
Lemon 3,2/11/2024,2.75,inches,,,,
Lemon 4,2/11/2024,3.75,inches,,,,
Texas Persimmon 1,2/11/2024,2.50,inches,,,,
Texas Persimmon 12,2/11/2024,3.06,inches,,,,
Texas Persimmon 10,2/11/2024,2.50,inches,,,,
Evergreen Sumac 2,2/11/2024,1.13,inches,,,,
Magnolia 2,2/11/2024,1.25,inches,,,,
Magnolia 9,2/11/2024,1.25,inches,,,,
Grapefruit 11,2/11/2024,1.63,inches,,,,
Texas Persimmon 4,2/11/2024,3.63,inches,,,,
Texas Persimmon 8,2/11/2024,3.81,inches,,,,
Jackfruit 5,2/11/2024,9.50,inches,,,,
Jackfruit 4,2/11/2024,19.75,inches,,,,
Grapefruit 5,2/11/2024,11.00,inches,,,,
Evergreen Sumac 3,2/11/2024,0.00,inches,,,,
Evergreen Sumac 4,2/11/2024,0.00,inches,,,,
Evergreen Sumac 5,2/11/2024,0.00,inches,,,,
Evergreen Sumac 6,2/11/2024,0.00,inches,,,,
Pecan 2,2/11/2024,0.00,inches,,,,
Pecan 3,2/11/2024,0.00,inches,,,,
Pecan 4,2/11/2024,0.00,inches,,,,
Pecan 5,2/11/2024,0.00,inches,,,,
Persimmon 12,2/11/2024,0.35,inches,,,,
Pomegranate 38,2/11/2024,1.50,inches,,,,
Persimmon 12,2/12/2024,0.55,inches,,,,
Persimmon 12,2/13/2024,1.20,inches,,,,
Serrano Pepper 8,2/13/2024,23.00,inches,,,,
Persimmon 12,2/14/2024,2.00,inches,,,,
Lemon 15,2/15/2024,0.00,inches,,,,
Pecan 1,2/16/2024,2.63,inches,,,,
Texas Persimmon 1,2/16/2024,3.38,inches,,,,
Texas Persimmon 10,2/16/2024,3.00,inches,,,,
Magnolia 15,2/16/2024,0.50,inches,,,,
Magnolia 18,2/16/2024,0.38,inches,,,,
Persimmon 12,2/16/2024,3.75,inches,,,,
Magnolia 13,2/16/2024,0.25,inches,,,,
Magnolia 9,2/16/2024,1.13,inches,,,,
Magnolia 2,2/16/2024,1.25,inches,,,,
Evergreen Sumac 2,2/16/2024,1.25,inches,,,,
Persimmon 1,2/16/2024,10.25,inches,,,,
Texas Persimmon 4,2/16/2024,3.63,inches,,,,
Texas Persimmon 8,2/16/2024,4,inches,,,,
Honey Tangerine 13,2/16/2024,1.00,inches,,,,
Grapefruit 11,2/16/2024,1.63,inches,,,,
Honey Locust 10,2/16/2024,6.38,inches,,,,
Evergreen Sumac 3,2/16/2024,0.75,inches,,,,
Texas Persimmon 5,2/16/2024,2.13,inches,,,,
Honey Locust 13,2/16/2024,4.48,inches,,,,
Honey Locust 11,2/16/2024,4.00,inches,,,,
Honey Locust 7,2/16/2024,2.56,inches,,,,
Honey Locust 12,2/16/2024,4.56,inches,,,,
Jackfruit 4,2/16/2024,19.88,inches,,,,
Jackfruit 5,2/16/2024,9.50,inches,,,,
Pomegranate 38,2/16/2024,1.75,inches,,,,
Pecan 2,2/18/2024,0.00,inches,,,,
Pecan 4,2/18/2024,0.00,inches,,,,
Pecan 2,2/19/2024,0.10,inches,,,,
Pecan 4,2/19/2024,0.10,inches,,,,
Persimmon 12,2/20/2024,3.88,inches,,,,
Pecan 5,2/20/2024,0.00,inches,,,,
Lemon 15,2/20/2024,0.25,inches,,,,
Pecan 5,2/21/2024,0.10,inches,,,,
Pecan 2,2/22/2024,1.38,inches,,,,
Pecan 4,2/22/2024,0.88,inches,,,,
Pecan 5,2/22/2024,0.25,inches,,,,
Pecan 1,2/22/2024,5.38,inches,,,,
San Pedro 1,2/22/2024,11.50,inches,,,,
Persimmon 1,2/22/2024,11.13,inches,,,,
Jackfruit 4,2/22/2024,19.88,inches,,,,
Persimmon 1,2/24/2024,11.80,inches,,,,
Guava 7,2/24/2024,29.63,inches,,,,
Guava 8,2/24/2024,33.50,inches,,,,
Etrog 7,2/24/2024,7.88,inches,,,,
Lemon 12,2/24/2024,9.50,inches,,,,
Palo Verde 4,2/24/2024,18.50,inches,,,,
Etrog 5,2/24/2024,9.06,inches,,,,
Avocado 2,2/24/2024,21.63,inches,,,,
Pecan 1,2/24/2024,5.75,inches,,,,
Grapefruit 6,2/24/2024,14.00,inches,,,,
Pomegranate 29,2/24/2024,21.75,inches,,,,
Mango 17,2/24/2024,14.44,inches,,,,
Etrog 4,2/24/2024,18.38,inches,,,,
Grapefruit 5,2/24/2024,11.38,inches,,,,
Lemon 7,2/24/2024,14.75,inches,,,,
Pomegranate 16,2/24/2024,24.19,inches,,,,
Palo Verde 2,2/24/2024,19.06,inches,,,,
Palo Verde 3,2/24/2024,16.00,inches,,,,
Grapefruit 11,2/24/2024,2.00,inches,,,,
Mango 7,2/24/2024,39.06,inches,,,,
Pomegranate 31,2/24/2024,27.06,inches,,,,
Avocado 4,2/24/2024,13.00,inches,,,,
San Pedro 1,2/24/2024,11.56,inches,,,,
Pecan 2,2/24/2024,2.38,inches,,,,
Pecan 4,2/24/2024,1.38,inches,,,,
Magnolia 9,2/24/2024,1.13,inches,,,,
Persimmon 12,2/24/2024,4.25,inches,,,,
Magnolia 2,2/24/2024,1.25,inches,,,,
Pecan 5,2/24/2024,0.88,inches,,,,
Evergreen Sumac 2,2/24/2024,1.38,inches,,,,
Magnolia 15,2/24/2024,0.75,inches,,,,
Texas Persimmon 8,2/24/2024,4.38,inches,,,,
Texas Persimmon 4,2/24/2024,3.88,inches,,,,
Honey Locust 10,2/24/2024,6.63,inches,,,,
Honey Tangerine 13,2/24/2024,0.88,inches,,,,
Magnolia 13,2/24/2024,0.75,inches,,,,
Texas Persimmon 10,2/24/2024,3.50,inches,,,,
Pomegranate 38,2/24/2024,2.00,inches,,,,
Texas Persimmon 2,2/24/2024,1.88,inches,,,,
Texas Persimmon 1,2/24/2024,3.50,inches,,,,
Texas Persimmon 12,2/24/2024,3.38,inches,,,,
Evergreen Sumac 3,2/24/2024,0.88,inches,,,,
Pecan 3,2/24/2024,0.00,inches,,,,
Pecan 3,2/25/2024,0.50,inches,,,,
Pecan 2,2/26/2024,3.75,inches,,,,
Pecan 4,2/26/2024,2.38,inches,,,,
Pecan 3,2/26/2024,1.38,inches,,,,
Pecan 5,2/26/2024,2.00,inches,,,,
Persimmon 1,2/27/2024,13.00,inches,,,,
Pecan 2,2/27/2024,4.13,inches,,,,
Pecan 4,2/27/2024,2.88,inches,,,,
Persimmon 12,2/27/2024,4.25,inches,,,,
Magnolia 9,2/27/2024,1.25,inches,,,,
Pecan 5,2/27/2024,2.50,inches,,,,
Pecan 3,2/27/2024,1.88,inches,,,,
Texas Persimmon 10,2/27/2024,3.63,inches,,,,
Magnolia 2,2/27/2024,1.13,inches,,,,
Magnolia 15,2/27/2024,0.63,inches,,,,
Magnolia 18,2/27/2024,0.88,inches,,,,
Texas Persimmon 2,2/27/2024,2.38,inches,,,,
Pomegranate 38,2/27/2024,2.00,inches,,,,
Jackfruit 4,2/27/2024,20.25,inches,,,,
Magnolia 11,2/27/2024,0.50,inches,,,,
Evergreen Sumac 2,2/27/2024,1.50,inches,,,,
Evergreen Sumac 3,2/27/2024,0.88,inches,,,,
Honey Locust 10,2/27/2024,6.50,inches,,,,
Texas Persimmon 4,2/27/2024,3.88,inches,,,,
Texas Persimmon 1,2/27/2024,3.63,inches,,,,
Magnolia 13,2/27/2024,0.63,inches,,,,
Grapefruit 5,2/28/2024,12.06,inches,,,,
Grapefruit 6,2/28/2024,16.25,inches,,,,
Grapefruit 11,2/28/2024,2.06,inches,,,,
Pecan 1,2/28/2024,6.00,inches,,,,
Persimmon 1,2/28/2024,14.00,inches,,,,
Guava 7,2/28/2024,30.06,inches,,,,
Guava 8,2/28/2024,33.63,inches,,,,
San Pedro 1,2/28/2024,11.63,inches,,,,
Avocado 2,2/28/2024,21.50,inches,,,,
Avocado 25,2/28/2024,5.50,inches,,,,
Etrog 5,2/28/2024,9.00,inches,,,,
Etrog 7,2/28/2024,7.88,inches,,,,
Magnolia 6,2/28/2024,0.25,inches,,,,
Pecan 2,3/2/2024,5.25,inches,,,,
Pecan 4,3/2/2024,3.38,inches,,,,
Pecan 5,3/2/2024,4.25,inches,,,,
Pecan 3,3/2/2024,3.75,inches,,,,
Magnolia 11,3/2/2024,0.63,inches,,,,
Evergreen Sumac 3,3/2/2024,1.00,inches,,,,
Honey Locust 10,3/2/2024,6.25,inches,,,,
Magnolia 18,3/2/2024,0.88,inches,,,,
Etrog 7,3/2/2024,8.00,inches,,,,
Magnolia 6,3/2/2024,1.00,inches,,,,
Magnolia 15,3/2/2024,0.63,inches,,,,
Persimmon 12,3/2/2024,4.50,inches,,,,
Magnolia 2,3/2/2024,1.13,inches,,,,
Magnolia 9,3/2/2024,1.25,inches,,,,
Texas Persimmon 4,3/2/2024,4.00,inches,,,,
Texas Persimmon 10,3/2/2024,3.88,inches,,,,
Texas Persimmon 1,3/2/2024,3.63,inches,,,,
Magnolia 13,3/2/2024,0.75,inches,,,,
Jackfruit 4,3/2/2024,20.25,inches,,,,
Texas Persimmon 12,3/2/2024,3.63,inches,,,,
Texas Persimmon 2,3/2/2024,2.50,inches,,,,
Texas Persimmon 8,3/2/2024,4.50,inches,,,,
Avocado 8,3/2/2024,15.13,inches,,,,
Guava 7,3/2/2024,30.25,inches,,,,
Guava 8,3/2/2024,33.88,inches,,,,
Palo Verde 2,3/2/2024,20.75,inches,,,,
Palo Verde 4,3/2/2024,21.00,inches,,,,
Etrog 2,3/2/2024,16.88,inches,,,,
Grapefruit 6,3/2/2024,16.50,inches,,,,
Grapefruit 5,3/2/2024,12.25,inches,,,,
Avocado 25,3/2/2024,5.50,inches,,,,
Pecan 1,3/2/2024,6.13,inches,,,,
Persimmon 1,3/2/2024,14.50,inches,,,,
Mango 17,3/2/2024,14.63,inches,,,,
Pomegranate 31,3/2/2024,27.25,inches,,,,
Grapefruit 11,3/2/2024,2.13,inches,,,,
Palo Verde 3,3/2/2024,16.63,inches,,,,
San Pedro 1,3/2/2024,11.69,inches,,,,
Avocado 2,3/2/2024,21.25,inches,,,,
Avocado 4,3/2/2024,13.13,inches,,,,
Lemon 15,3/2/2024,1.00,inches,,,,
Persimmon 1,3/8/2024,16.00,inches,,,,
Jackfruit 5,3/8/2024,9.45,inches,,,,
Serrano Pepper 8,3/8/2024,24.38,inches,,,,
Palo Verde 2,3/8/2024,23.13,inches,,,,
Palo Verde 4,3/8/2024,24.25,inches,,,,
Mango 17,3/8/2024,15.50,inches,,,,
Guava 7,3/8/2024,30.63,inches,,,,
Guava 8,3/8/2024,34.75,inches,,,,
Pecan 2,3/8/2024,5.38,inches,,,,
Pecan 1,3/8/2024,6.25,inches,,,,
San Pedro 1,3/8/2024,11.94,inches,,,,
Grapefruit 6,3/8/2024,17.00,inches,,,,
Grapefruit 5,3/8/2024,14.00,inches,,,,
Key Lime 10,3/8/2024,14.25,inches,,,,
Persimmon 12,3/8/2024,4.30,inches,,,,
Magnolia 9,3/8/2024,1.38,inches,,,,
Magnolia 2,3/8/2024,1.25,inches,,,,
Magnolia 13,3/8/2024,0.88,inches,,,,
Magnolia 15,3/8/2024,0.38,inches,,,,
Magnolia 18,3/8/2024,0.75,inches,,,,
Magnolia 6,3/8/2024,0.88,inches,,,,
Grapefruit 11,3/9/2024,2.38,inches,,,,
Avocado 4,3/9/2024,13.00,inches,,,,
Lemon 15,3/9/2024,1.50,inches,,,,
Pecan 3,3/9/2024,6.50,inches,,,,
Pecan 4,3/9/2024,3.75,inches,,,,
Mango 17,3/10/2024,15.19,inches,,,,
Pomegranate 31,3/10/2024,27.50,inches,,,,
Sabal Palm 6,3/10/2024,3.13,inches,,,,
Sabal Palm 1,3/10/2024,2.88,inches,,,,
Avocado 8,3/10/2024,15.38,inches,,,,
Sabal Palm 2,3/10/2024,1.75,inches,,,,
Etrog 7,3/10/2024,8.38,inches,,,,
Etrog 5,3/10/2024,9.38,inches,,,,
Passion Fruit 3,3/11/2024,0.63,inches,,,,
Jackfruit 4,3/13/2024,21.00,inches,,,,
Jackfruit 4,3/15/2024,21.25,inches,,,,
Persimmon 12,3/15/2024,4.63,inches,,,,
Key Lime 2,4/5/2024,0.25,inches,,,,
Persimmon 12,4/11/2024,5.00,inches,,,,
Pomegranate 29,4/11/2024,22.13,inches,,,,
Guava 7,4/11/2024,32.50,inches,,,,
Guava 8,4/11/2024,38.25,inches,,,,
Pomegranate 35,4/11/2024,25.00,inches,,,,
Texas Persimmon 12,4/11/2024,4.50,inches,,,,
Texas Persimmon 10,4/11/2024,4.94,inches,,,,
Lemon 14,4/11/2024,14.38,inches,,,,
Evergreen Sumac 2,4/11/2024,2.38,inches,,,,
Etrog 2,4/11/2024,16.88,inches,,,,
African Milk Plant 1,4/11/2024,3.94,inches,,,,
Sabal Palm 6,4/11/2024,5.13,inches,,,,
Pecan 5,4/11/2024,5.75,inches,,,,
Passion Fruit 5,4/11/2024,0.88,inches,,,,
Pink Lemon 3,4/11/2024,6.75,inches,,,,
Lemon 9,4/11/2024,7.06,inches,,,,
Avocado 8,4/11/2024,15.06,inches,,,,
Key Lime 10,4/11/2024,15.00,inches,,,,
Pomegranate 15,4/11/2024,20.00,inches,,,,
Pecan 3,4/11/2024,7.13,inches,,,,
Lemon 7,4/11/2024,15.00,inches,,,,
Sabal Palm 1,4/11/2024,4.50,inches,,,,
African Milk Plant 2,4/11/2024,3.75,inches,,,,
Texas Persimmon 4,4/11/2024,5.00,inches,,,,
Etrog 5,4/11/2024,12.88,inches,,,,
Dragonfruit 2,4/11/2024,0.13,inches,,,,
Honey Locust 12,4/11/2024,4.50,inches,,,,
Magnolia 9,4/11/2024,1.63,inches,,,,
Lemon 4,4/11/2024,4.50,inches,,,,
Lemon 3,4/11/2024,3.25,inches,,,,
Avocado 2,4/11/2024,23.00,inches,,,,
Pecan 1,4/11/2024,0.75,inches,,,,
Pecan 2,4/11/2024,5.50,inches,,,,
Pecan 4,4/11/2024,4.00,inches,,,,
Honey Locust 10,4/11/2024,6.63,inches,,,,
Lemon 6,4/11/2024,14.50,inches,,,,
Lemon 12,4/11/2024,10.50,inches,,,,
Grapefruit 6,4/11/2024,17.30,inches,,,,
Grapefruit 5,4/11/2024,15.69,inches,,,,
Serrano Pepper 8,4/11/2024,25.75,inches,,,,
Habanero Pepper 11,4/11/2024,18.50,inches,,,,
San Pedro 1,4/11/2024,12.88,inches,,,,
Etrog 4,4/11/2024,20.50,inches,,,,
Passion Fruit 4,4/11/2024,1.25,inches,,,,
Passion Fruit 1,4/11/2024,2.00,inches,,,,
Magnolia 15,4/11/2024,0.63,inches,,,,
Magnolia 6,4/11/2024,1.00,inches,,,,
Magnolia 18,4/11/2024,0.88,inches,,,,
Mango 7,4/11/2024,39.06,inches,,,,
Guava 8,4/20/2024,39.75,inches,,,,
Guava 7,4/20/2024,32.63,inches,,,,
Mango 7,4/20/2024,41.00,inches,,,,
Mango 17,4/20/2024,16.00,inches,,,,
Etrog 2,4/20/2024,16.75,inches,,,,
Lemon 9,4/20/2024,6.63,inches,,,,
Sabal Palm 6,4/20/2024,5.75,inches,,,,
Evergreen Sumac 2,4/20/2024,2.38,inches,,,,
Persimmon 12,4/20/2024,5.13,inches,,,,
Texas Persimmon 10,4/20/2024,5.00,inches,,,,
African Milk Plant 2,4/20/2024,3.64,inches,,,,
African Milk Plant 1,4/20/2024,3.94,inches,,,,
Texas Persimmon 12,4/20/2024,4.63,inches,,,,
Pecan 5,4/20/2024,6.38,inches,,,,
Pomegranate 35,4/20/2024,26.25,inches,,,,
Pomegranate 16,4/20/2024,19.38,inches,,,,
Pomegranate 29,4/20/2024,22.00,inches,,,,
Pink Lemon 3,4/20/2024,6.88,inches,,,,
Lemon 14,4/20/2024,15.00,inches,,,,
Lemon 7,4/20/2024,15.19,inches,,,,
Avocado 2,4/20/2024,24.13,inches,,,,
Etrog 5,4/20/2024,13.63,inches,,,,
Pecan 1,4/20/2024,3.63,inches,,,,
Texas Persimmon 4,4/20/2024,5.13,inches,,,,
Lemon 4,4/20/2024,4.25,inches,,,,
Lemon 3,4/20/2024,3.38,inches,,,,
Magnolia 9,4/20/2024,1.63,inches,,,,
Pecan 4,4/20/2024,4.50,inches,,,,
Pecan 2,4/20/2024,5.50,inches,,,,
Etrog 9,4/20/2024,2.44,inches,,,,
Honey Locust 10,4/20/2024,6.50,inches,,,,
Honey Locust 12,4/20/2024,4.50,inches,,,,
Pecan 3,4/20/2024,7.38,inches,,,,
Key Lime 10,4/20/2024,15.00,inches,,,,
Dragonfruit 2,4/20/2024,0.44,inches,,,,
Pomegranate 15,4/20/2024,20.00,inches,,,,
Sabal Palm 1,4/20/2024,5.63,inches,,,,
Magnolia 18,4/20/2024,1.13,inches,,,,
Magnolia 6,4/20/2024,1.13,inches,,,,
Passion Fruit 1,4/20/2024,2.13,inches,,,,
Passion Fruit 4,4/20/2024,1.38,inches,,,,
Magnolia 15,4/20/2024,0.63,inches,,,,
San Pedro 1,4/20/2024,12.50,inches,,,,
Serrano Pepper 8,4/20/2024,25.25,inches,,,,
Serrano Pepper 9,4/20/2024,3.25,inches,,,,
Grapefruit 6,4/20/2024,17.38,inches,,,,
Grapefruit 5,4/20/2024,17.88,inches,,,,
Etrog 4,4/20/2024,21.00,inches,,,,
Grapefruit 11,4/20/2024,3.5,inches,,,,
Palo Verde 2,4/20/2024,27.50,inches,,,,
Palo Verde 3,4/20/2024,19.00,inches,,,,
Palo Verde 4,4/20/2024,29.88,inches,,,,
Habanero Pepper 11,4/20/2024,18.63,inches,,,,
Lemon 12,4/20/2024,10.88,inches,,,,
Lemon 6,4/20/2024,14.63,inches,,,,
Pomegranate 3,4/20/2024,28.13,inches,,,,
Pomegranate 31,4/20/2024,27.63,inches,,,,
African Milk Plant 3,4/20/2024,2.00,inches,,,,
Jackfruit 4,4/20/2024,25.13,inches,,,,
Etrog 7,4/20/2024,10.25,inches,,,,
Persimmon 1,4/20/2024,16.38,inches,,,,
Texas Persimmon 8,4/20/2024,5.88,inches,,,,
Texas Persimmon 2,4/20/2024,4.00,inches,,,,
Mango 26,4/28/2024,22.50,inches,,,,
Mango 27,4/28/2024,16.50,inches,,,,
Pomegranate 3,5/24/2024,26.25,inches,,,,
Jackfruit 4,5/24/2024,30.00,inches,,,,
Persimmon 1,5/24/2024,16.33,inches,,,,
Pomegranate 16,5/24/2024,22.94,inches,,,,
Texas Persimmon 12,5/24/2024,6.00,inches,,,,
Pecan 5,5/24/2024,7.00,inches,,,,
Sabal Palm 6,5/24/2024,6.75,inches,,,,
Dragonfruit 2,5/24/2024,1.13,inches,,,,
Pomegranate 35,5/24/2024,26.50,inches,,,,
Pomegranate 15,5/24/2024,20.00,inches,,,,
Lemon 9,5/24/2024,11.63,inches,,,,
Etrog 7,5/24/2024,16.25,inches,,,,
Pomegranate 29,5/24/2024,22.75,inches,,,,
Lemon 7,5/24/2024,16.50,inches,,,,
Key Lime 2,5/24/2024,12.50,inches,,,,
Etrog 9,5/24/2024,3.94,inches,,,,
Pecan 4,5/24/2024,5.00,inches,,,,
Pecan 3,5/24/2024,7.94,inches,,,,
Pecan 2,5/24/2024,7.00,inches,,,,
Magnolia 9,5/24/2024,1.94,inches,,,,
Pecan 1,5/24/2024,6.00,inches,,,,
Key Lime 10,5/24/2024,18.06,inches,,,,
Etrog 5,5/24/2024,22.56,inches,,,,
Etrog 2,5/24/2024,18.00,inches,,,,
Guava 8,5/24/2024,50.25,inches,,,,
Guava 7,5/24/2024,34.54,inches,,,,
Avocado 2,5/24/2024,25.75,inches,,,,
Avocado 8,5/24/2024,14.50,inches,,,,
Avocado 25,5/24/2024,6.25,inches,,,,
Mango 27,5/24/2024,17.25,inches,,,,
Mango 26,5/24/2024,23.50,inches,,,,
Pomegranate 31,5/24/2024,37.00,inches,,,,
Lemon 14,5/24/2024,18.00,inches,,,,
Etrog 4,5/24/2024,28.25,inches,,,,
Mango 7,5/24/2024,41.38,inches,,,,
Palo Verde 4,5/24/2024,35.00,inches,,,,
Palo Verde 2,5/24/2024,28.50,inches,,,,
Palo Verde 3,5/24/2024,28.00,inches,,,,
Grapefruit 6,5/24/2024,22.25,inches,,,,
San Pedro 1,5/24/2024,13.75,inches,,,,
Grapefruit 5,5/24/2024,18.25,inches,,,,
Mango 17,5/24/2024,17.50,inches,,,,
Lemon 12,5/24/2024,13.63,inches,,,,
Lemon 6,5/24/2024,14.38,inches,,,,
Grapefruit 11,5/24/2024,4.50,inches,,,,
Magnolia 18,5/24/2024,0.75,inches,,,,
Magnolia 6,5/24/2024,1.38,inches,,,,
Mango 7,5/27/2024,45.63,inches,,,,
Guava 8,5/27/2024,51.50,inches,,,,
Pomegranate 31,5/27/2024,37.25,inches,,,,
Jackfruit 4,5/27/2024,31.00,inches,,,,
African Milk Plant 2,5/27/2024,5.44,inches,,,,
Etrog 4,5/27/2024,28.38,inches,,,,
Cherimoya 5,5/27/2024,0.00,inches,,,,
Mango 7,5/28/2024,47.75,inches,,,,
Guava 8,6/6/2024,58.25,inches,,,,
Pomegranate 31,6/6/2024,38.75,inches,,,,
Mango 27,6/6/2024,25.00,inches,,,,
Guava 7,6/6/2024,38.25,inches,,,,
Mango 7,6/6/2024,53.38,inches,,,,
Passion Fruit 4,6/6/2024,3.75,inches,,,,
Grapefruit 11,6/6/2024,5.25,inches,,,,
San Pedro 1,6/6/2024,14.25,inches,,,,
Etrog 5,6/6/2024,32.00,inches,,,,
Etrog 2,6/6/2024,21.50,inches,,,,
Jackfruit 4,6/6/2024,32.00,inches,,,,
Etrog 7,6/6/2024,16.13,inches,,,,
Etrog 9,6/6/2024,5.5,inches,,,,
Cherimoya 5,6/6/2024,2.38,inches,,,,
Etrog 4,6/6/2024,28.63,inches,,,,
Cherimoya 6,6/8/2024,0.00,inches,,,,
Etrog 5,6/9/2024,33.50,inches,,,,
Key Lime 2,6/9/2024,19.25,inches,,,,
Guava 8,6/13/2024,62.75,inches,,,,
Etrog 5,6/15/2024,35.00,inches,,,,
Etrog 5,6/19/2024,35.25,inches,,,,
Cherimoya 6,6/22/2024,3.19,inches,,,,
Cherimoya 5,6/22/2024,3.25,inches,,,,
Cherimoya 7,6/22/2024,0.00,inches,,,,
Etrog 5,6/22/2024,35.19,inches,,,,
Key Lime 2,6/22/2024,23.19,inches,,,,
Etrog 9,6/22/2024,7.63,inches,,,,
African Milk Plant 1,6/22/2024,5.00,inches,,,,
African Milk Plant 2,6/22/2024,6.00,inches,,,,
African Milk Plant 3,6/22/2024,3.25,inches,,,,
Guava 8,6/22/2024,68.75,inches,,,,
Avocado 8,6/22/2024,15.25,inches,,,,
Etrog 7,6/22/2024,17.50,inches,,,,
Etrog 2,6/22/2024,24.19,inches,,,,
Pomegranate 29,6/22/2024,29.50,inches,,,,
Pomegranate 35,6/22/2024,35.25,inches,,,,
Pomegranate 31,6/22/2024,45.63,inches,,,,
Pomegranate 16,6/22/2024,26.00,inches,,,,
Pomegranate 3,6/22/2024,27.50,inches,,,,
Jackfruit 4,6/22/2024,34.00,inches,,,,
Pomegranate 15,6/22/2024,20.10,inches,,,,
Etrog 4,6/22/2024,37.13,inches,,,,
Guava 7,6/22/2024,44.00,inches,,,,
Mango 7,6/22/2024,53.25,inches,,,,
Mango 26,6/22/2024,21.00,inches,,,,
Mango 27,6/22/2024,25.50,inches,,,,
Mango 17,6/22/2024,21.50,inches,,,,
San Pedro 1,6/22/2024,15.00,inches,,,,
Passion Fruit 1,6/22/2024,2.13,inches,,,,
Passion Fruit 5,6/22/2024,2.75,inches,,,,
Grapefruit 5,6/22/2024,21.50,inches,,,,
Passion Fruit 4,6/22/2024,5.50,inches,,,,
Grapefruit 11,6/22/2024,6.00,inches,,,,
Lemon 9,6/22/2024,12.19,inches,,,,
Lemon 7,6/22/2024,17.00,inches,,,,
Lemon 14,6/22/2024,18.75,inches,,,,
Dragonfruit 2,6/22/2024,1.50,inches,,,,
Key Lime 10,6/22/2024,21.00,inches,,,,
Pecan 4,6/22/2024,5.25,inches,,,,
Pecan 1,6/22/2024,6.75,inches,,,,
Magnolia 9,6/22/2024,2.38,inches,,,,
Persimmon 1,6/22/2024,16.38,inches,,,,
Avocado 25,6/22/2024,6.75,inches,,,,
Avocado 2,6/22/2024,24.25,inches,,,,
Mango 7,6/26/2024,53.00,inches,,,,
Guava 7,6/26/2024,46.00,inches,,,,
Guava 8,6/26/2024,70.50,inches,,,,
Etrog 5,6/26/2024,35.19,inches,,,,
Key Lime 2,6/26/2024,24.25,inches,,,,
Cherimoya 5,6/26/2024,3.25,inches,,,,
Pomegranate 29,6/26/2024,29.75,inches,,,,
Pomegranate 35,6/26/2024,36.75,inches,,,,
Pomegranate 31,6/26/2024,47.00,inches,,,,
Mango 27,6/26/2024,25.75,inches,,,,
Etrog 2,6/26/2024,26.25,inches,,,,
Jackfruit 4,6/26/2024,34.19,inches,,,,
Mango 17,6/26/2024,22.00,inches,,,,
Etrog 4,6/26/2024,38.00,inches,,,,
Mango 26,6/26/2024,22.00,inches,,,,
Passion Fruit 4,6/26/2024,6.00,inches,,,,
San Pedro 1,6/26/2024,15.25,inches,,,,
Etrog 7,6/26/2024,17.75,inches,,,,
Pomegranate 3,6/26/2024,28.19,inches,,,,
African Milk Plant 2,6/26/2024,6.25,inches,,,,
African Milk Plant 1,6/26/2024,5.50,inches,,,,
African Milk Plant 3,6/26/2024,3.50,inches,,,,
Guava 8,6/28/2024,71.75,inches,,,,
Etrog 5,6/28/2024,36.00,inches,,,,
Mango 27,6/28/2024,26.25,inches,,,,
Pomegranate 31,6/28/2024,47.00,inches,,,,
Key Lime 2,6/28/2024,23.63,inches,,,,
Etrog 9,6/28/2024,8.63,inches,,,,
Guava 7,6/29/2024,47.25,inches,,,,
Etrog 9,7/3/2024,8.63,inches,,,,
Pomegranate 31,7/3/2024,47.25,inches,,,,
Pomegranate 29,7/3/2024,29.63,inches,,,,
Etrog 5,7/3/2024,35.75,inches,,,,
Key Lime 2,7/3/2024,23.25,inches,,,,
Pomegranate 35,7/3/2024,37.25,inches,,,,
Guava 8,7/3/2024,73.64,inches,,,,
Lemon 9,7/3/2024,12.50,inches,,,,
African Milk Plant 1,7/3/2024,5.63,inches,,,,
African Milk Plant 3,7/3/2024,3.88,inches,,,,
African Milk Plant 2,7/3/2024,6.25,inches,,,,
Pomegranate 16,7/3/2024,26.38,inches,,,,
Etrog 2,7/3/2024,26.00,inches,,,,
Guava 7,7/3/2024,49.13,inches,,,,
Mango 7,7/3/2024,52.38,inches,,,,
Mango 26,7/3/2024,21.00,inches,,,,
Mango 27,7/3/2024,25.75,inches,,,,
Etrog 7,7/3/2024,18.50,inches,,,,
Jackfruit 4,7/3/2024,35.25,inches,,,,
San Pedro 1,7/3/2024,15.88,inches,,,,
Etrog 4,7/3/2024,37.00,inches,,,,
Lemon 7,7/3/2024,17.25,inches,,,,
Lemon 14,7/3/2024,19.50,inches,,,,
Feijoa 1,7/3/2024,0.88,inches,,,,
Key Lime 10,7/3/2024,22.38,inches,,,,
Grapefruit 5,7/3/2024,21.25,inches,,,,
Etrog 5,7/8/2024,35.50,inches,,,,
Key Lime 10,7/8/2024,24.00,inches,,,,
Key Lime 2,7/8/2024,24.88,inches,,,,
Pomegranate 31,7/8/2024,47.88,inches,,,,
Pomegranate 29,7/8/2024,29.63,inches,,,,
Pomegranate 16,7/8/2024,26.25,inches,,,,
Etrog 4,7/8/2024,36.69,inches,,,,
Mango 26,7/8/2024,20.63,inches,,,,
Mango 27,7/8/2024,25.75,inches,,,,
Mango 17,7/8/2024,21.25,inches,,,,
Mango 7,7/8/2024,53.25,inches,,,,
Guava 8,7/8/2024,75.00,inches,,,,
Guava 7,7/8/2024,50.25,inches,,,,
San Pedro 1,7/8/2024,15.75,inches,,,,
Etrog 2,7/8/2024,26.63,inches,,,,
Etrog 7,7/8/2024,18.25,inches,,,,
Etrog 12,7/8/2024,4.50,inches,,,,
Etrog 11,7/8/2024,4.38,inches,,,,
Etrog 10,7/8/2024,4.50,inches,,,,
Pink Lemon 3,7/8/2024,4.94,inches,,,,
Cherimoya 5,7/8/2024,3.50,inches,,,,
Cherimoya 6,7/8/2024,2.75,inches,,,,
Avocado 2,7/8/2024,24.25,inches,,,,
Avocado 25,7/8/2024,7.50,inches,,,,
Etrog 9,7/8/2024,7.88,inches,,,,
Passion Fruit 5,7/8/2024,2.75,inches,,,,
Passion Fruit 1,7/8/2024,1.75,inches,,,,
Passion Fruit 4,7/8/2024,6.50,inches,,,,
Grapefruit 11,7/8/2024,7.13,inches,,,,
African Milk Plant 2,7/8/2024,6.50,inches,,,,
African Milk Plant 1,7/8/2024,5.63,inches,,,,
African Milk Plant 3,7/8/2024,4.25,inches,,,,
Dragonfruit 2,7/8/2024,1.63,inches,,,,
Magnolia 9,7/8/2024,2.38,inches,,,,
Magnolia 6,7/8/2024,1.63,inches,,,,
Magnolia 18,7/8/2024,1.25,inches,,,,
Lemon 14,7/8/2024,19.13,inches,,,,
Lemon 7,7/8/2024,16.88,inches,,,,
Feijoa 1,7/8/2024,1.00,inches,,,,
Lemon 6,7/8/2024,17.25,inches,,,,
Lemon 9,7/8/2024,12.50,inches,,,,
Pomegranate 3,7/8/2024,28.50,inches,,,,
Texas Persimmon 4,7/8/2024,6.38,inches,,,,
Texas Persimmon 8,7/8/2024,8.00,inches,,,,
Lemon 12,7/9/2024,15.13,inches,,,,
Key Lime 2,7/16/2024,27.63,inches,,,,
Key Lime 10,7/16/2024,25.50,inches,,,,
Pomegranate 31,7/16/2024,46.88,inches,,,,
Pomegranate 16,7/16/2024,26.25,inches,,,,
Etrog 7,7/16/2024,18.25,inches,,,,
Pomegranate 35,7/16/2024,37.38,inches,,,,
Guava 8,7/16/2024,78.38,inches,,,,
Mango 27,7/16/2024,25.50,inches,,,,
Etrog 4,7/16/2024,37.00,inches,,,,
Etrog 2,7/16/2024,28.88,inches,,,,
Lemon 9,7/16/2024,12.50,inches,,,,
Mango 7,7/16/2024,55.75,inches,,,,
Mango 17,7/16/2024,22.13,inches,,,,
Passion Fruit 1,7/16/2024,1.75,inches,,,,
Passion Fruit 5,7/16/2024,2.88,inches,,,,
Grapefruit 5,7/16/2024,21.25,inches,,,,
Pomegranate 29,7/16/2024,29.25,inches,,,,
Lemon 6,7/16/2024,17.50,inches,,,,
Etrog 9,7/16/2024,8.00,inches,,,,
Etrog 5,7/16/2024,36.00,inches,,,,
Jackfruit 4,7/16/2024,39.75,inches,,,,
Lemon 12,7/16/2024,15.00,inches,,,,
Cherimoya 5,7/16/2024,4.00,inches,,,,
Feijoa 1,7/16/2024,1.25,inches,,,,
Etrog 11,7/16/2024,4.88,inches,,,,
Etrog 12,7/16/2024,4.75,inches,,,,
Etrog 10,7/16/2024,4.25,inches,,,,
Feijoa 4,7/16/2024,0.38,inches,,,,
Feijoa 5,7/16/2024,0.13,inches,,,,
Pink Lemon 3,7/16/2024,4.88,inches,,,,
Guava 7,7/16/2024,53.13,inches,,,,
Pomegranate 15,7/16/2024,20.25,inches,,,,
Avocado 8,7/16/2024,15.75,inches,,,,
Avocado 25,7/16/2024,7.25,inches,,,,
Lemon 7,7/16/2024,17.00,inches,,,,
Lemon 14,7/16/2024,19.00,inches,,,,
Pomegranate 3,7/16/2024,28.00,inches,,,,
San Pedro 1,7/16/2024,15.94,inches,,,,
Grapefruit 11,7/16/2024,8.63,inches,,,,
Passion Fruit 4,7/16/2024,7.00,inches,,,,
Grapefruit 5,7/22/2024,23.25,inches,,,,
Etrog 7,7/22/2024,18.63,inches,,,,
Pomegranate 31,7/22/2024,46.50,inches,,,,
Key Lime 2,7/22/2024,29.25,inches,,,,
Key Lime 10,7/22/2024,26.00,inches,,,,
Cherimoya 5,7/22/2024,4.50,inches,,,,
Etrog 2,7/22/2024,31.75,inches,,,,
Etrog 4,7/22/2024,36.88,inches,,,,
Etrog 5,7/22/2024,38.38,inches,,,,
African Milk Plant 2,7/22/2024,7.50,inches,,,,
African Milk Plant 3,7/22/2024,5.00,inches,,,,
African Milk Plant 1,7/22/2024,6.75,inches,,,,
Guava 7,7/22/2024,54.88,inches,,,,
Cherimoya 5,7/23/2024,4.63,inches,,,,
Grapefruit 5,7/23/2024,24.50,inches,,,,
Grapefruit 5,7/24/2024,25.25,inches,,,,
Etrog 7,7/24/2024,18.88,inches,,,,
Guava 8,7/24/2024,79.25,inches,,,,
Pomegranate 31,7/24/2024,46.75,inches,,,,
Etrog 4,7/24/2024,37.00,inches,,,,
Etrog 5,7/24/2024,39.38,inches,,,,
Guava 7,7/24/2024,55.25,inches,,,,
Etrog 9,7/24/2024,8.13,inches,,,,
Etrog 2,7/24/2024,32.50,inches,,,,
Jackfruit 4,7/24/2024,42.00,inches,,,,
Dragonfruit 2,7/24/2024,2.25,inches,,,,
Mango 27,7/24/2024,24.50,inches,,,,
Mango 26,7/24/2024,20.63,inches,,,,
Mango 17,7/24/2024,22.75,inches,,,,
Grapefruit 5,7/26/2024,27.13,inches,,,,
Etrog 2,7/26/2024,34.25,inches,,,,
Lemon 15,7/26/2024,3.75,inches,,,,
Corn 2,7/26/2024,0.00,inches,,,,
Corn 1,7/26/2024,0.13,inches,,,,
Corn 3,7/26/2024,0.13,inches,,,,
Grapefruit 5,7/26/2024,27.13,inches,,,,
Key Lime 10,7/26/2024,26.75,inches,,,,
Cherimoya 9,7/26/2024,2.00,inches,,,,
Cherimoya 8,7/26/2024,1.38,inches,,,,
Cherimoya 5,7/26/2024,5.00,inches,,,,
Etrog 9,7/26/2024,8.38,inches,,,,
Etrog 4,7/26/2024,37.63,inches,,,,
Etrog 5,7/26/2024,40.75,inches,,,,
Mango 26,7/26/2024,20.50,inches,,,,
Mango 17,7/26/2024,23.00,inches,,,,
Mango 27,7/26/2024,24.88,inches,,,,
Lemon 12,7/26/2024,15.00,inches,,,,
Pomegranate 31,7/26/2024,46.63,inches,,,,
Guava 7,7/27/2024,56.00,inches,,,,
Mango 7,7/27/2024,55.75,inches,,,,
Guava 8,7/27/2024,80.25,inches,,,,
Grapefruit 5,7/27/2024,28.00,inches,,,,
Pomegranate 31,7/27/2024,47.00,inches,,,,
Jackfruit 4,7/27/2024,42.75,inches,,,,
Key Lime 10,7/27/2024,26.75,inches,,,,
Etrog 2,7/27/2024,35.00,inches,,,,
Pomegranate 35,7/27/2024,37.75,inches,,,,
Pomegranate 29,7/27/2024,29.50,inches,,,,
Etrog 7,7/27/2024,19.50,inches,,,,
Etrog 9,7/27/2024,8.75,inches,,,,
Etrog 5,7/27/2024,42.00,inches,,,,
Etrog 4,7/27/2024,37.63,inches,,,,
Palo Verde 4,7/27/2024,46.50,inches,,,,
Palo Verde 3,7/27/2024,45.38,inches,,,,
Mango 26,7/27/2024,20.50,inches,,,,
Mango 27,7/27/2024,25.50,inches,,,,
Feijoa 1,7/27/2024,1.38,inches,,,,
Feijoa 4,7/27/2024,0.75,inches,,,,
Feijoa 5,7/27/2024,0.13,inches,,,,
Cherimoya 8,7/27/2024,2.13,inches,,,,
Cherimoya 9,7/27/2024,2.50,inches,,,,
Cherimoya 5,7/27/2024,5.00,inches,,,,
Etrog 10,7/27/2024,4.75,inches,,,,
Etrog 12,7/27/2024,4.75,inches,,,,
Etrog 11,7/27/2024,5.13,inches,,,,
Grapefruit 6,7/27/2024,23.00,inches,,,,
Passion Fruit 4,7/27/2024,8.88,inches,,,,
Grapefruit 11,7/27/2024,9.63,inches,,,,
San Pedro 1,7/27/2024,16.13,inches,,,,
Mango 17,7/27/2024,22.75,inches,,,,
Grapefruit 5,7/28/2024,28.63,inches,,,,
Cherimoya 5,7/28/2024,5.25,inches,,,,
Etrog 2,7/28/2024,35.50,inches,,,,
Corn 1,7/28/2024,0.88,inches,,,,
Corn 2,7/28/2024,1.00,inches,,,,
Corn 3,7/28/2024,1.25,inches,,,,
Pomegranate 3,7/28/2024,27.50,inches,,,,
Pomegranate 31,7/28/2024,46.88,inches,,,,
Dragonfruit 2,7/28/2024,2.56,inches,,,,
Etrog 4,7/28/2024,38.38,inches,,,,
Etrog 5,7/28/2024,42.50,inches,,,,
African Milk Plant 2,7/28/2024,8.31,inches,,,,
African Milk Plant 1,7/28/2024,7.37,inches,,,,
African Milk Plant 3,7/28/2024,5.88,inches,,,,
Guava 7,7/29/2024,56.38,inches,,,,
Grapefruit 5,7/29/2024,28.88,inches,,,,
Etrog 9,7/29/2024,9.38,inches,,,,
Etrog 2,7/29/2024,36.00,inches,,,,
Pomegranate 31,7/29/2024,46.88,inches,,,,
Pomegranate 29,7/29/2024,30.38,inches,,,,
Pomegranate 35,7/29/2024,38.25,inches,,,,
Mamay Sapote 1,7/29/2024,3.25,inches,,,,
Cherimoya 5,7/29/2024,5.25,inches,,,,
Etrog 7,7/29/2024,19.50,inches,,,,
Etrog 4,7/29/2024,38.63,inches,,,,
Etrog 5,7/29/2024,43.75,inches,,,,
Corn 1,7/29/2024,1.25,inches,,,,
Corn 2,7/29/2024,1.50,inches,,,,
Corn 3,7/29/2024,1.50,inches,,,,
Key Lime 10,7/29/2024,25.50,inches,,,,
Key Lime 2,7/29/2024,29.75,inches,,,,
Grapefruit 5,7/30/2024,29.00,inches,,,,
Dragonfruit 2,7/30/2024,2.63,inches,,,,
Etrog 7,7/30/2024,20.75,inches,,,,
Passion Fruit 4,7/30/2024,9.00,inches,,,,
Etrog 2,7/30/2024,36.50,inches,,,,
Feijoa 1,7/30/2024,1.19,inches,,,,
Lemon 9,7/30/2024,14.00,inches,,,,
Grapefruit 11,7/30/2024,9.50,inches,,,,
Grapefruit 5,7/31/2024,29.25,inches,,,,
Etrog 7,7/31/2024,20.75,inches,,,,
Pomegranate 31,7/31/2024,46.63,inches,,,,
Pomegranate 35,7/31/2024,37.88,inches,,,,
Mamay Sapote 1,7/31/2024,5.50,inches,,,,
Mamay Sapote 2,7/31/2024,1.50,inches,,,,
Cherimoya 9,7/31/2024,3.13,inches,,,,
Cherimoya 8,7/31/2024,2.25,inches,,,,
Etrog 2,7/31/2024,36.75,inches,,,,
Etrog 9,7/31/2024,10.00,inches,,,,
Key Lime 10,7/31/2024,26.00,inches,,,,
Jackfruit 4,7/31/2024,43.25,inches,,,,
San Pedro 1,7/31/2024,16.13,inches,,,,
Passion Fruit 4,7/31/2024,9.38,inches,,,,
Mamay Sapote 1,8/1/2024,6.75,inches,,,,
Mamay Sapote 2,8/1/2024,2.50,inches,,,,
Cherimoya 5,8/1/2024,6.00,inches,,,,
Cherimoya 9,8/1/2024,3.50,inches,,,,
Cherimoya 8,8/1/2024,2.25,inches,,,,
Etrog 2,8/1/2024,36.88,inches,,,,
Etrog 4,8/1/2024,42.50,inches,,,,
Etrog 5,8/1/2024,45.50,inches,,,,
Grapefruit 5,8/1/2024,29.00,inches,,,,
Pomegranate 35,8/1/2024,38.00,inches,,,,
Dragonfruit 2,8/1/2024,2.75,inches,,,,
Pomegranate 31,8/1/2024,46.75,inches,,,,
Etrog 7,8/1/2024,20.88,inches,,,,
Mamay Sapote 1,8/2/2024,7.50,inches,,,,
Mamay Sapote 2,8/2/2024,3.75,inches,,,,
Mango 7,8/2/2024,56.00,inches,Backdated estimation made on 8/11/24,,,
Mamay Sapote 2,8/3/2024,4.75,inches,,,,
Mamay Sapote 1,8/3/2024,8.13,inches,,,,
Cherimoya 5,8/3/2024,6.38,inches,,,,
Cherimoya 9,8/3/2024,3.50,inches,,,,
Cherimoya 8,8/3/2024,2.25,inches,,,,
Mamay Sapote 1,8/5/2024,9.00,inches,,,,
Mamay Sapote 2,8/5/2024,6.25,inches,,,,
Cherimoya 5,8/5/2024,6.75,inches,,,,
Cherimoya 9,8/5/2024,3.88,inches,,,,
Cherimoya 8,8/5/2024,2.63,inches,,,,
Dragonfruit 2,8/5/2024,3.13,inches,,,,
Mamay Sapote 1,8/6/2024,9.25,inches,,,,
Mamay Sapote 2,8/6/2024,6.75,inches,,,,
Cherimoya 5,8/6/2024,7.25,inches,,,,
Cherimoya 8,8/6/2024,2.75,inches,,,,
Cherimoya 9,8/6/2024,3.88,inches,,,,
Dragonfruit 2,8/6/2024,3.25,inches,,,,
Pomegranate 31,8/6/2024,47.50,inches,,,,
Etrog 9,8/6/2024,10.75,inches,,,,
Lemon 12,8/6/2024,15.25,inches,,,,
Lemon 9,8/6/2024,16.00,inches,,,,
Guava 8,8/6/2024,82.75,inches,,,,
Mango 7,8/6/2024,56.25,inches,Backdated estimation made on 8/11/24,,,
Mamay Sapote 1,8/7/2024,9.50,inches,,,,
Mamay Sapote 2,8/7/2024,6.88,inches,,,,
Cherimoya 5,8/7/2024,7.38,inches,,,,
Etrog 9,8/7/2024,10.88,inches,,,,
Cherimoya 9,8/7/2024,4.00,inches,,,,
Cherimoya 8,8/7/2024,2.88,inches,,,,
Dragonfruit 2,8/7/2024,3.25,inches,,,,
Pomegranate 29,8/7/2024,35.50,inches,,,,
Pomegranate 31,8/7/2024,47.63,inches,,,,
Mamay Sapote 1,8/8/2024,10.00,inches,,,,
Mamay Sapote 2,8/8/2024,7.50,inches,,,,
Dragonfruit 2,8/8/2024,3.38,inches,,,,
Pomegranate 31,8/8/2024,48.13,inches,,,,
Cherimoya 5,8/8/2024,7.56,inches,,,,
Cherimoya 9,8/8/2024,4.13,inches,,,,
Cherimoya 8,8/8/2024,3.00,inches,,,,
Mamay Sapote 1,8/9/2024,10.13,inches,,,,
Mamay Sapote 2,8/9/2024,7.75,inches,,,,
Pomegranate 31,8/9/2024,48.63,inches,,,,
Dragonfruit 2,8/9/2024,3.50,inches,,,,
Blue Ghost Cactus 2,8/9/2024,2.63,inches,,,,
Blue Ghost Cactus 3,8/9/2024,1.38,inches,,,,
Blue Ghost Cactus 4,8/9/2024,2.38,inches,,,,
Blue Ghost Cactus 5,8/9/2024,2.75,inches,,,,
Blue Ghost Cactus 6,8/9/2024,2.75,inches,,,,
Blue Ghost Cactus 7,8/9/2024,2.50,inches,,,,
San Pedro 2,8/9/2024,2.00,inches,,,,
San Pedro 3,8/9/2024,2.50,inches,,,,
San Pedro 4,8/9/2024,2.31,inches,,,,
Cherimoya 5,8/9/2024,7.75,inches,,,,
Cherimoya 8,8/9/2024,3.00,inches,,,,
Cherimoya 9,8/9/2024,4.25,inches,,,,
Jackfruit 4,8/9/2024,43.63,inches,,,,
Etrog 2,8/9/2024,36.75,inches,,,,
Etrog 9,8/9/2024,11.00,inches,,,,
Mango 7,8/9/2024,56.75,inches,Backdated estimation made on 8/11/24,,,
Guava 8,8/10/2024,83.50,inches,,,,
Mango 7,8/10/2024,57.50,inches,Backdated estimation made on 8/11/24,,,
Etrog 4,8/11/2024,47.13,inches,,,,
Etrog 5,8/11/2024,46.25,inches,,,,
Mango 7,8/11/2024,58.25,inches,,,,
Mamay Sapote 1,8/11/2024,10.50,inches,,,,
Mamay Sapote 2,8/11/2024,8.13,inches,,,,
Mamay Sapote 4,8/11/2024,1.50,inches,,,,
Dragonfruit 2,8/11/2024,3.69,inches,,,,
Etrog 2,8/11/2024,36.63,inches,,,,
Cherimoya 5,8/11/2024,8.50,inches,,,,
Cherimoya 8,8/11/2024,3.25,inches,,,,
Cherimoya 9,8/11/2024,4.38,inches,,,,
Pomegranate 31,8/11/2024,50.25,inches,,,,
Pomegranate 29,8/11/2024,36.75,inches,,,,
Etrog 7,8/11/2024,22.75,inches,,,,
Mamay Sapote 1,8/12/2024,10.88,inches,,,,
Mamay Sapote 2,8/12/2024,8.38,inches,,,,
Mamay Sapote 4,8/12/2024,1.38,inches,,,,
Cherimoya 9,8/12/2024,3.88,inches,,,,
Cherimoya 8,8/12/2024,3.00,inches,,,,
Cherimoya 5,8/12/2024,8.75,inches,,,,
Pomegranate 31,8/12/2024,51.50,inches,,,,
Mango 7,8/12/2024,58.88,inches,,,,
Etrog 5,8/12/2024,46.00,inches,,,,
Etrog 4,8/12/2024,47.88,inches,,,,
Pomegranate 29,8/12/2024,36.63,inches,,,,
Grapefruit 11,8/13/2024,10.13,inches,,,,
Mamay Sapote 1,8/13/2024,11.00,inches,,,,
Mamay Sapote 2,8/13/2024,8.63,inches,,,,
Mamay Sapote 4,8/13/2024,2.00,inches,,,,
Cherimoya 5,8/13/2024,9.13,inches,,,,
Cherimoya 8,8/13/2024,3.25,inches,,,,
Cherimoya 9,8/13/2024,4.25,inches,,,,
Dragonfruit 2,8/13/2024,3.88,inches,,,,
Pomegranate 31,8/13/2024,52.25,inches,,,,
Pomegranate 29,8/13/2024,36.63,inches,,,,
Grapefruit 5,8/13/2024,29.00,inches,,,,
Etrog 9,8/13/2024,11.25,inches,,,,
Mango 7,8/13/2024,59.50,inches,,,,
Etrog 4,8/13/2024,47.94,inches,,,,
Etrog 5,8/13/2024,46.25,inches,,,,
Etrog 2,8/13/2024,37.38,inches,,,,
Etrog 7,8/13/2024,23.25,inches,,,,
Mamay Sapote 2,8/14/2024,8.88,inches,,,,
Cherimoya 5,8/14/2024,9.13,inches,,,,
Cherimoya 8,8/14/2024,3.38,inches,,,,
Cherimoya 9,8/14/2024,4.50,inches,,,,
Mamay Sapote 1,8/14/2024,11.13,inches,,,,
Dragonfruit 2,8/14/2024,4.06,inches,,,,
Pomegranate 31,8/14/2024,53.13,inches,,,,
Mango 7,8/14/2024,60.25,inches,,,,
Pomegranate 29,8/14/2024,36.88,inches,,,,
Etrog 9,8/14/2024,11.38,inches,,,,
Mamay Sapote 1,8/16/2024,11.38,inches,,,,
Mamay Sapote 2,8/16/2024,9.25,inches,,,,
Mamay Sapote 4,8/16/2024,3.50,inches,,,,
Dragonfruit 2,8/16/2024,4.19,inches,,,,
Etrog 2,8/16/2024,36.75,inches,,,,
Jackfruit 4,8/16/2024,44.13,inches,,,,
Pomegranate 31,8/16/2024,53.50,inches,,,,
Cherimoya 5,8/16/2024,9.75,inches,,,,
Cherimoya 8,8/16/2024,3.50,inches,,,,
Cherimoya 9,8/16/2024,4.75,inches,,,,
Mango 7,8/16/2024,59.25,inches,,,,
Etrog 4,8/16/2024,47.63,inches,,,,
Etrog 5,8/16/2024,46.00,inches,,,,
Pomegranate 29,8/16/2024,36.63,inches,,,,
Mamay Sapote 1,8/18/2024,11.75,inches,,,,
Mamay Sapote 2,8/18/2024,9.50,inches,,,,
Mamay Sapote 4,8/18/2024,4.25,inches,,,,
Cherimoya 5,8/18/2024,10.50,inches,,,,
Mango 7,8/18/2024,59.88,inches,,,,
Guava 7,8/18/2024,59.50,inches,,,,
Cherimoya 8,8/18/2024,3.75,inches,,,,
Cherimoya 9,8/18/2024,5.13,inches,,,,
Pomegranate 31,8/18/2024,54.50,inches,,,,
Pomegranate 29,8/18/2024,36.75,inches,,,,
Etrog 2,8/18/2024,37.25,inches,,,,
Dragonfruit 2,8/18/2024,4.44,inches,,,,
Pomegranate 35,8/20/2024,37.75,inches,,,,
Pomegranate 31,8/20/2024,54.75,inches,,,,
Pomegranate 29,8/20/2024,36.94,inches,,,,
Pomegranate 3,8/20/2024,27.25,inches,,,,
Jackfruit 4,8/20/2024,45.00,inches,,,,
Dragonfruit 2,8/20/2024,4.63,inches,,,,
Mamay Sapote 1,8/20/2024,12.00,inches,,,,
Mamay Sapote 2,8/20/2024,10.00,inches,,,,
Mamay Sapote 4,8/20/2024,4.25,inches,,,,
Feijoa 1,8/20/2024,1.50,inches,,,,
Feijoa 4,8/20/2024,1.00,inches,,,,
Feijoa 5,8/20/2024,0.38,inches,,,,
Etrog 4,8/20/2024,47.88,inches,,,,
Etrog 5,8/20/2024,46.00,inches,,,,
Etrog 9,8/20/2024,12.63,inches,,,,
Key Lime 10,8/20/2024,29.50,inches,,,,
Grapefruit 5,8/20/2024,29.25,inches,,,,
Etrog 7,8/20/2024,24.13,inches,,,,
Guava 7,8/20/2024,59.25,inches,,,,
Mango 7,8/20/2024,60.00,inches,,,,
San Pedro 1,8/20/2024,17.00,inches,,,,
Palo Verde 4,8/20/2024,47.38,inches,,,,
Palo Verde 2,8/20/2024,33.00,inches,,,,
Palo Verde 3,8/20/2024,45.00,inches,,,,
Guava 8,8/20/2024,85.38,inches,,,,
Grapefruit 11,8/20/2024,10.38,inches,,,,
Cherimoya 5,8/20/2024,10.63,inches,,,,
Cherimoya 8,8/20/2024,3.50,inches,,,,
Cherimoya 9,8/20/2024,5.25,inches,,,,
Etrog 12,8/20/2024,5.00,inches,,,,
Mango 26,8/20/2024,2-.88,inches,,,,
Mango 17,8/20/2024,25.25,inches,,,,
Mango 27,8/20/2024,25.38,inches,,,,
African Milk Plant 1,8/20/2024,9.00,inches,,,,
African Milk Plant 2,8/20/2024,9.13,inches,,,,
African Milk Plant 3,8/20/2024,7.88,inches,,,,
Passion Fruit 4,8/20/2024,14.63,inches,,,,
Passion Fruit 5,8/20/2024,2.50,inches,,,,
Avocado 2,8/20/2024,20.25,inches,,,,
Pomegranate 31,8/22/2024,55.25,inches,,,,
Mamay Sapote 2,8/23/2024,9.63,inches,,,,
Mamay Sapote 1,8/23/2024,12.25,inches,,,,
Mamay Sapote 4,8/23/2024,4.63,inches,,,,
Rosemary 25,8/25/2024,3.38,inches,,,,
Mamay Sapote 2,8/25/2024,9.88,inches,,,,
Mamay Sapote 1,8/25/2024,12.50,inches,,,,
Dragonfruit 2,8/25/2024,4.88,inches,,,,
Grapefruit 11,8/25/2024,10.00,inches,,,,
Lemon 12,8/25/2024,15.63,inches,,,,
Etrog 7,8/25/2024,25.50,inches,,,,
Mamay Sapote 4,8/25/2024,4.75,inches,,,,
Etrog 9,8/25/2024,14.00,inches,,,,
Key Lime 10,8/25/2024,31.50,inches,,,,
Etrog 2,8/25/2024,36.75,inches,,,,
Jackfruit 4,8/25/2024,45.50,inches,,,,
Cherimoya 9,8/25/2024,5.75,inches,,,,
Cherimoya 5,8/25/2024,11.75,inches,,,,
Cherimoya 8,8/25/2024,3.75,inches,,,,
Grapefruit 5,8/25/2024,29.00,inches,,,,
Mamay Sapote 1,8/26/2024,12.75,inches,,,,
Mamay Sapote 2,8/26/2024,10.13,inches,,,,
Mamay Sapote 4,8/26/2024,4.75,inches,,,,
Etrog 9,8/26/2024,14.00,inches,,,,
Etrog 7,8/26/2024,26.00,inches,,,,
Cherimoya 5,8/26/2024,11.88,inches,,,,
Cherimoya 8,8/26/2024,3.88,inches,,,,
Cherimoya 9,8/26/2024,6.13,inches,,,,
Dragonfruit 2,8/26/2024,4.94,inches,,,,
Key Lime 10,8/26/2024,31.38,inches,,,,
Mamay Sapote 1,8/27/2024,12.75,inches,,,,
Mamay Sapote 2,8/27/2024,10.13,inches,,,,
Mamay Sapote 4,8/27/2024,5.00,inches,,,,
Cherimoya 5,8/27/2024,12.13,inches,,,,
Cherimoya 8,8/27/2024,3.75,inches,,,,
Cherimoya 9,8/27/2024,6.50,inches,,,,
Etrog 9,8/27/2024,14.25,inches,,,,
Dragonfruit 2,8/27/2024,5.00,inches,,,,
Mamay Sapote 2,8/29/2024,10.50,inches,,,,
Mamay Sapote 1,8/29/2024,13.00,inches,,,,
Mamay Sapote 4,8/29/2024,5.00,inches,,,,
Pomegranate 29,8/29/2024,37.00,inches,,,,
Grapefruit 11,8/29/2024,10.50,inches,,,,
African Milk Plant 1,8/29/2024,8.75,inches,,,,
African Milk Plant 2,8/29/2024,9.75,inches,,,,
Cherimoya 5,8/29/2024,12.50,inches,,,,
Cherimoya 9,8/29/2024,6.75,inches,,,,
Cherimoya 8,8/29/2024,3.88,inches,,,,
Key Lime 10,8/29/2024,33.88,inches,,,,
Dragonfruit 2,8/29/2024,5.13,inches,,,,
African Milk Plant 3,8/29/2024,8.50,inches,,,,
Mamay Sapote 1,8/30/2024,13.25,inches,,,,
Mamay Sapote 2,8/30/2024,10.75,inches,,,,
Mamay Sapote 4,8/30/2024,5.00,inches,,,,
Dragonfruit 2,8/30/2024,5.25,inches,,,,
Etrog 9,8/30/2024,15.00,inches,,,,
Lemon 12,8/30/2024,16.50,inches,,,,
Cherimoya 5,8/30/2024,12.75,inches,,,,
Cherimoya 8,8/30/2024,3.88,inches,,,,
Cherimoya 9,8/30/2024,6.88,inches,,,,
Rosemary 25,8/30/2024,3.38,inches,,,,
Guava 8,8/31/2024,86.75,inches,,,,
Mamay Sapote 1,8/31/2024,13.38,inches,,,,
Mamay Sapote 2,8/31/2024,11.00,inches,,,,
Mamay Sapote 4,8/31/2024,5.13,inches,,,,
Pomegranate 35,8/31/2024,39.38,inches,,,,
Dragonfruit 2,8/31/2024,5.38,inches,,,,
Feijoa 1,8/31/2024,1.25,inches,,,,
Etrog 9,8/31/2024,15.25,inches,,,,
Pomegranate 29,8/31/2024,37.00,inches,,,,
Cherimoya 5,8/31/2024,13.00,inches,,,,
Cherimoya 8,8/31/2024,4.00,inches,,,,
Cherimoya 9,8/31/2024,7.00,inches,,,,
Etrog 7,8/31/2024,26.00,inches,,,,
Grapefruit 5,8/31/2024,29.25,inches,,,,
Mango 17,9/1/2024,26.50,inches,,,,
Persimmon 1,9/1/2024,18.50,inches,,,,
Dragonfruit 2,9/1/2024,5.50,inches,,,,
African Milk Plant 3,9/1/2024,8.94,inches,,,,
African Milk Plant 2,9/1/2024,10.13,inches,,,,
African Milk Plant 1,9/1/2024,9.13,inches,,,,
Guava 7,9/1/2024,60.50,inches,,,,
Palo Verde 3,9/1/2024,45.38,inches,,,,
Etrog 4,9/1/2024,48.00,inches,,,,
Etrog 5,9/1/2024,46.63,inches,,,,
Mango 7,9/1/2024,61.00,inches,,,,
San Pedro 1,9/1/2024,17.25,inches,,,,
Mamay Sapote 1,9/1/2024,13.63,inches,,,,
Jackfruit 4,9/1/2024,46.75,inches,,,,
Etrog 2,9/1/2024,37.38,inches,,,,
Key Lime 2,9/1/2024,30.00,inches,,,,
Rosemary 25,9/14/2024,4.38,inches,,,,
Pomegranate 35,9/15/2024,42.75,inches,,,,
Mamay Sapote 2,9/15/2024,13.38,inches,,,,
Mamay Sapote 1,9/15/2024,15.50,inches,,,,
Cherimoya 5,9/15/2024,16.00,inches,,,,
Mamay Sapote 4,9/15/2024,5.75,inches,,,,
Lemon 12,9/15/2024,18.25,inches,,,,
Etrog 9,9/15/2024,16.63,inches,,,,
Pomegranate 31,9/15/2024,60.00,inches,,,,
San Pedro 4,9/15/2024,2.50,inches,,,,
Feijoa 5,9/15/2024,1.00,inches,,,,
Feijoa 4,9/15/2024,1.75,inches,,,,
Feijoa 1,9/15/2024,1.38,inches,,,,
Etrog 7,9/15/2024,27.13,inches,,,,
Mango 27,9/15/2024,24.75,inches,,,,
Grapefruit 11,9/15/2024,16.00,inches,,,,
Grapefruit 5,9/15/2024,33.00,inches,,,,
Key Lime 10,9/15/2024,37.00,inches,,,,
Key Lime 2,9/15/2024,32.25,inches,,,,
Pink Lemon 3,9/15/2024,5.63,inches,,,,
Jackfruit 4,9/15/2024,52.50,inches,,,,
African Milk Plant 1,9/15/2024,10.63,inches,,,,
African Milk Plant 2,9/15/2024,10.38,inches,,,,
African Milk Plant 3,9/15/2024,11.25,inches,,,,
Lemon 14,9/15/2024,20.50,inches,,,,
Basil 6,9/15/2024,6.25,inches,,,,
Dragonfruit 2,9/15/2024,6.75,inches,,,,
Etrog 2,9/15/2024,37.25,inches,,,,
Etrog 12,9/15/2024,5.63,inches,,,,
Key Lime 13,9/15/2024,4.50,inches,,,,
Cherimoya 8,9/15/2024,4.50,inches,,,,
Etrog 10,9/15/2024,5.25,inches,,,,
Cherimoya 9,9/15/2024,10.75,inches,,,,
Etrog 11,9/15/2024,6.50,inches,,,,
Lemon 9,9/15/2024,17.00,inches,,,,
Lemon 6,9/15/2024,17.63,inches,,,,
Pomegranate 29,9/15/2024,37.50,inches,,,,
Guava 7,9/15/2024,64.00,inches,,,,
Etrog 4,9/15/2024,55.75,inches,,,,
Etrog 5,9/15/2024,54.38,inches,,,,
Palo Verde 3,9/15/2024,49.74,inches,,,,
Mango 7,9/15/2024,61.5,inches,,,,
Mango 26,9/15/2024,10.75,inches,,,,
Palo Verde 2,9/15/2024,36.00,inches,,,,
Palo Verde 4,9/15/2024,49.50,inches,,,,
San Pedro 1,9/15/2024,17.88,inches,,,,
Rosemary 25,9/15/2024,4.38,inches,,,,
Guava 36,9/15/2024,4.50,inches,,,,
Guava 34,9/15/2024,4.00,inches,,,,
Blue Ghost Cactus 5,9/15/2024,2.63,inches,,,,
Blue Ghost Cactus 6,9/15/2024,2.63,inches,,,,
Evergreen Sumac 2,9/15/2024,5.63,inches,,,,
San Pedro 2,9/15/2024,2.25,inches,,,,
San Pedro 3,9/15/2024,2.25,inches,,,,
Passion Fruit 4,9/15/2024,30.00,inches,,,,
Passion Fruit 5,9/15/2024,1.38,inches,,,,
Mango 17,9/15/2024,27.00,inches,,,,
Lemon 15,9/15/2024,7.63,inches,,,,
Guava 8,9/15/2024,86.50,inches,**adjusted from 84.5,,,
Grapefruit 5,9/20/2024,37.88,inches,,,,
Mamay Sapote 1,9/20/2024,15.00,inches,,,,
Mamay Sapote 2,9/20/2024,13.75,inches,,,,
Mamay Sapote 4,9/20/2024,6.00,inches,,,,
African Milk Plant 1,9/20/2024,11.25,inches,,,,
African Milk Plant 2,9/20/2024,11.63,inches,,,,
African Milk Plant 3,9/20/2024,11.13,inches,,,,
Etrog 7,9/20/2024,27.88,inches,,,,
Etrog 2,9/20/2024,37.00,inches,,,,
Etrog 4,9/20/2024,55.50,inches,,,,
Etrog 5,9/20/2024,57.75,inches,,,,
Etrog 9,9/20/2024,16.75,inches,,,,
San Pedro 1,9/20/2024,18.00,inches,,,,
Pomegranate 3,9/20/2024,27.75,inches,,,,
Pomegranate 31,9/20/2024,60.13,inches,,,,
Pomegranate 29,9/20/2024,37.50,inches,,,,
Pomegranate 35,9/20/2024,42.75,inches,,,,
Dragonfruit 2,9/20/2024,7.50,inches,,,,
Rosemary 25,9/20/2024,4.38,inches,,,,
Guava 7,9/20/2024,65.25,inches,,,,
Cherimoya 5,9/20/2024,16.50,inches,,,,
Jackfruit 4,9/20/2024,54.25,inches,,,,
Palo Verde 3,9/20/2024,50.50,inches,,,,
Mango 7,9/20/2024,62.50,inches,,,,
Mango 17,9/20/2024,27.00,inches,,,,
Grapefruit 6,9/20/2024,22.63,inches,,,,
Grapefruit 5,9/24/2024,40.75,inches,,,,
Jackfruit 4,9/24/2024,56.00,inches,,,,
Mango 26,9/24/2024,12.63,inches,,,,
Mamay Sapote 2,9/30/2024,14.74,inches,,,,
Mamay Sapote 1,9/30/2024,16.00,inches,,,,
Mamay Sapote 4,9/30/2024,6.63,inches,,,,
Cherimoya 5,9/30/2024,17.75,inches,,,,
Cherimoya 8,9/30/2024,4.88,inches,,,,
Lemon 12,9/30/2024,18.25,inches,,,,
Etrog 7,9/30/2024,30.00,inches,,,,
Cherimoya 9,9/30/2024,14.75,inches,,,,
Dragonfruit 2,9/30/2024,8.44,inches,,,,
Grapefruit 5,9/30/2024,41.25,inches,,,,
Blue Ghost Cactus 1,9/30/2024,16.25,inches,,,,
Rosemary 25,9/30/2024,4.88,inches,,,,
San Pedro 4,9/30/2024,3.25,inches,,,,
Pomegranate 35,9/30/2024,42.25,inches,,,,
Etrog 9,9/30/2024,17.00,inches,,,,
Etrog 10,9/30/2024,5.75,inches,,,,
Etrog 11,9/30/2024,6.50,inches,,,,
Etrog 12,9/30/2024,7.75,inches,,,,
African Milk Plant 1,9/30/2024,12.25,inches,,,,
African Milk Plant 2,9/30/2024,12.25,inches,,,,
African Milk Plant 3,9/30/2024,12.00,inches,,,,
Key Lime 13,9/30/2024,5.00,inches,,,,
Key Lime 10,9/30/2024,37.25,inches,,,,
Key Lime 2,9/30/2024,32.00,inches,,,,
Jackfruit 4,9/30/2024,57.25,inches,,,,
Etrog 2,9/30/2024,39.5,inches,,,,
Mamay Sapote 1,10/3/2024,16.75,inches,,,,
Mamay Sapote 2,10/3/2024,14.50,inches,,,,
Mamay Sapote 4,10/3/2024,6.63,inches,,,,
Mamay Sapote 6,10/3/2024,0.13,inches,,,,
Cherimoya 5,10/3/2024,18.88,inches,,,,
Cherimoya 8,10/3/2024,5.13,inches,,,,
Cherimoya 9,10/3/2024,15.25,inches,,,,
Etrog 9,10/3/2024,17.00,inches,,,,
Etrog 7,10/3/2024,30.50,inches,,,,
Guava 7,10/3/2024,66.00,inches,,,,
Lemon 9,10/3/2024,17.75,inches,,,,
Lemon 12,10/3/2024,18.00,inches,,,,
Lemon 6,10/3/2024,18.50,inches,,,,
Lemon 7,10/3/2024,16.25,inches,,,,
African Milk Plant 1,10/3/2024,12.50,inches,,,,
African Milk Plant 2,10/3/2024,12.25,inches,,,,
African Milk Plant 3,10/3/2024,12.25,inches,,,,
Lemon 14,10/3/2024,20.25,inches,,,,
Etrog 5,10/3/2024,58.38,inches,,,,
Palo Verde 3,10/3/2024,50.75,inches,,,,
Jackfruit 4,10/3/2024,57.38,inches,,,,
Etrog 2,10/3/2024,39.63,inches,,,,
Magnolia 18,10/3/2024,2.25,inches,,,,
Dragonfruit 2,10/3/2024,8.75,inches,,,,
Grapefruit 5,10/3/2024,41.75,inches,,,,
Mango 17,10/3/2024,27.38,inches,,,,
Mango 26,10/3/2024,12.50,inches,,,,
Mango 27,10/3/2024,24.50,inches,,,,
Etrog 10,10/3/2024,5.88,inches,,,,
Etrog 11,10/3/2024,6.50,inches,,,,
Etrog 12,10/3/2024,7.75,inches,,,,
Key Lime 10,10/3/2024,37.00,inches,,,,
Key Lime 2,10/3/2024,32.50,inches,,,,
Pink Lemon 3,10/3/2024,6.00,inches,,,,
Key Lime 13,10/3/2024,5.00,inches,,,,
Pomegranate 31,10/3/2024,59.13,inches,,,,
Pomegranate 29,10/3/2024,37.13,inches,,,,
Pomegranate 35,10/3/2024,42.63,inches,,,,
Grapefruit 11,10/3/2024,16.25,inches,,,,
San Pedro 3,10/3/2024,2.31,inches,,,,
San Pedro 4,10/3/2024,3.50,inches,,,,
San Pedro 2,10/3/2024,2.38,inches,,,,
San Pedro 1,10/3/2024,18.38,inches,,,,
Guava 34,10/3/2024,4.00,inches,,,,
Guava 36,10/3/2024,4.50,inches,,,,
Blue Ghost Cactus 1,10/3/2024,16.38,inches,,,,
Magnolia 6,10/3/2024,0.75,inches,,,,
Magnolia 15,10/3/2024,2.63,inches,,,,
Mamay Sapote 1,10/6/2024,16.75,inches,,,,
Mamay Sapote 2,10/6/2024,14.88,inches,,,,
Mamay Sapote 4,10/6/2024,6.75,inches,,,,
Dragonfruit 2,10/6/2024,9.13,inches,,,,
Mango 7,10/6/2024,63.00,inches,,,,
Mango 17,10/6/2024,27.50,inches,,,,
African Milk Plant 1,10/6/2024,13.13,inches,,,,
African Milk Plant 2,10/6/2024,12.38,inches,,,,
African Milk Plant 3,10/6/2024,12.38,inches,,,,
Key Lime 13,10/6/2024,5.00,inches,,,,
Guava 36,10/6/2024,4.25,inches,,,,
Guava 34,10/6/2024,4.00,inches,,,,
Feijoa 5,10/6/2024,1.38,inches,,,,
Feijoa 4,10/6/2024,2.38,inches,,,,
Etrog 5,10/6/2024,58.25,inches,,,,
Cherimoya 5,10/6/2024,19.75,inches,,,,
Cherimoya 8,10/6/2024,5.25,inches,,,,
Cherimoya 9,10/6/2024,16.00,inches,,,,
Grapefruit 5,10/6/2024,40.75,inches,,,,
Mango 26,10/6/2024,12.00,inches,,,,
Mango 27,10/6/2024,25.00,inches,,,,
San Pedro 1,10/6/2024,18.38,inches,,,,
San Pedro 2,10/6/2024,2.44,inches,,,,
San Pedro 3,10/6/2024,2.63,inches,,,,
San Pedro 4,10/6/2024,3.25,inches,,,,
Palo Verde 3,10/6/2024,50.75,inches,,,,
Jackfruit 4,10/6/2024,57.25,inches,,,,
Etrog 2,10/6/2024,40.25,inches,,,,
Etrog 7,10/6/2024,29.50,inches,,,,
Mamay Sapote 6,10/6/2024,1.50,inches,,,,
Mamay Sapote 1,10/19/2024,17.38,inches,,,,
Mamay Sapote 2,10/19/2024,15.00,inches,,,,
Mamay Sapote 4,10/19/2024,7.00,inches,,,,
African Milk Plant 1,10/19/2024,14.00,inches,,,,
African Milk Plant 2,10/19/2024,13.00,inches,,,,
African Milk Plant 3,10/19/2024,13.25,inches,,,,
Dragonfruit 2,10/19/2024,10.25,inches,,,,
Grapefruit 5,10/19/2024,41.00,inches,,,,
Grapefruit 6,10/19/2024,22.38,inches,,,,
Cherimoya 5,10/19/2024,22.25,inches,,,,
Cherimoya 8,10/19/2024,5.63,inches,,,,
Cherimoya 9,10/19/2024,17.75,inches,,,,
Mamay Sapote 6,10/19/2024,7.50,inches,,,,
Etrog 2,10/19/2024,39.00,inches,,,,
San Pedro 1,10/19/2024,18.50,inches,,,,
San Pedro 2,10/19/2024,2.63,inches,,,,
San Pedro 4,10/19/2024,3.50,inches,,,,
Jackfruit 4,10/19/2024,57.75,inches,,,,
Magnolia 18,10/19/2024,2.75,inches,,,,
Magnolia 6,10/19/2024,3.25,inches,,,,
Pomegranate 35,10/19/2024,42.63,inches,,,,
Pomegranate 3,10/19/2024,27.00,inches,,,,
San Pedro 3,10/19/2024,2.75,inches,,,,
Mango 17,10/19/2024,27.75,inches,,,,
Mango 27,10/19/2024,24.50,inches,,,,
Mango 26,10/19/2024,9.00,inches,,,,
Key Lime 2,10/19/2024,33.00,inches,,,,
Key Lime 10,10/19/2024,37.00,inches,,,,
Rosemary 25,10/19/2024,5.50,inches,,,,
Lemon 6,10/19/2024,18.50,inches,,,,
Lemon 12,10/19/2024,18.25,inches,,,,
Lemon 9,10/19/2024,17.63,inches,**adjusted from 7.63,,,
Lemon 14,10/19/2024,20.50,inches,,,,
Etrog 4,10/19/2024,56.25,inches,,,,
Etrog 5,10/19/2024,59.00,inches,,,,
Etrog 7,10/19/2024,30.50,inches,,,,
Etrog 9,10/19/2024,17.00,inches,,,,
Grapefruit 11,10/19/2024,16.00,inches,,,,
Guava 7,10/19/2024,68.25,inches,,,,
Mango 7,10/19/2024,63.50,inches,,,,
Guava 8,10/19/2024,86.75,inches,,,,
Key Lime 13,10/19/2024,5.25,inches,,,,
Pomegranate 31,10/19/2024,59.13,inches,,,,
Pomegranate 29,10/19/2024,37.50,inches,,,,
Mamay Sapote 3,10/19/2024,2.63,inches,,,,
Etrog 10,10/19/2024,6.00,inches,,,,
Etrog 11,10/19/2024,6.75,inches,,,,
Etrog 12,10/19/2024,7.75,inches,,,,
Palo Verde 4,10/19/2024,49.00,inches,,,,
Palo Verde 3,10/19/2024,51.00,inches,,,,
Palo Verde 2,10/19/2024,36.25,inches,,,,
Guava 34,10/19/2024,4.00,inches,,,,
Guava 36,10/19/2024,5.00,inches,,,,
Pink Lemon 3,10/19/2024,5.50,inches,,,,
Feijoa 4,10/19/2024,2.75,inches,,,,
Feijoa 5,10/19/2024,1.75,inches,,,,
Feijoa 1,10/19/2024,2.00,inches,,,,
Evergreen Sumac 2,10/19/2024,5.88,inches,,,,
Pomegranate 44,10/19/2024,3.75,inches,,,,
Blue Ghost Cactus 2,10/19/2024,2.75,inches,,,,
Blue Ghost Cactus 4,10/19/2024,2.00,inches,,,,
Blue Ghost Cactus 5,10/19/2024,2.50,inches,,,,
Blue Ghost Cactus 6,10/19/2024,2.75,inches,,,,
Blue Ghost Cactus 1,10/19/2024,16.63,inches,,,,
Mamay Sapote 6,10/22/2024,8.25,inches,,,,
Mamay Sapote 6,10/23/2024,8.50,inches,,,,
Mamay Sapote 4,10/23/2024,7.00,inches,,,,
Lemon 9,11/3/2024,20.00,inches,,,,
Guava 7,11/3/2024,70.00,inches,,,,
Etrog 5,11/3/2024,58.38,inches,,,,
Jackfruit 4,11/3/2024,58.50,inches,,,,
Guava 34,11/3/2024,4.00,inches,,,,
Key Lime 13,11/3/2024,6.13,inches,,,,
Dragonfruit 2,11/3/2024,13.06,inches,,,,
Dragonfruit 2,11/8/2024,13.94,inches,,,,
Mamay Sapote 1,11/8/2024,18.75,inches,,,,
Mamay Sapote 2,11/8/2024,16.00,inches,,,,
Mamay Sapote 4,11/8/2024,7.50,inches,,,,
Mamay Sapote 3,11/8/2024,3.75,inches,,,,
Mamay Sapote 6,11/8/2024,11.00,inches,,,,
Pomegranate 16,11/8/2024,39.25,inches,,,,
Lemon 9,11/8/2024,19.00,inches,,,,
Lemon 12,11/8/2024,21.00,inches,,,,
Lemon 14,11/8/2024,19.50,inches,,,,
Pomegranate 3,11/8/2024,29.00,inches,,,,
Pomegranate 31,11/8/2024,58.75,inches,,,,
Pomegranate 29,11/8/2024,37.25,inches,,,,
San Pedro 1,11/8/2024,19.00,inches,,,,
San Pedro 2,11/8/2024,2.38,inches,,,,
San Pedro 3,11/8/2024,2.75,inches,,,,
San Pedro 4,11/8/2024,4.13,inches,,,,
Cherimoya 5,11/8/2024,27.00,inches,,,,
Pink Lemon 3,11/8/2024,6.00,inches,,,,
Cherimoya 8,11/8/2024,6.75,inches,,,,
Cherimoya 9,11/8/2024,21.00,inches,,,,
Guava 7,11/8/2024,69.63,inches,,,,
Guava 8,11/8/2024,88.25,inches,,,,
Etrog 7,11/8/2024,30.50,inches,,,,
Rosemary 25,11/8/2024,5.25,inches,,,,
Mamay Sapote 5,11/8/2024,7.38,inches,,,,
Lemon 6,11/8/2024,18.38,inches,,,,
Lemon 7,11/8/2024,17.50,inches,,,,
Jackfruit 4,11/8/2024,58.63,inches,,,,
Etrog 2,11/8/2024,41.00,inches,,,,
Etrog 5,11/8/2024,58.63,inches,,,,
Etrog 4,11/8/2024,56.50,inches,,,,
Mango 17,11/8/2024,28.00,inches,,,,
Key Lime 2,11/8/2024,35.75,inches,,,,
Key Lime 10,11/8/2024,36.25,inches,,,,
African Milk Plant 1,11/8/2024,15.38,inches,,,,
African Milk Plant 2,11/8/2024,13.50,inches,,,,
African Milk Plant 3,11/8/2024,14.25,inches,,,,
Blue Ghost Cactus 1,11/8/2024,17.25,inches,,,,
Blue Ghost Cactus 2,11/8/2024,3.25,inches,,,,
Feijoa 1,11/8/2024,1.63,inches,,,,
Blue Ghost Cactus 4,11/8/2024,2.00,inches,,,,
Blue Ghost Cactus 5,11/8/2024,2.50,inches,,,,
Grapefruit 11,11/8/2024,17.00,inches,,,,
Grapefruit 5,11/8/2024,41.00,inches,,,,
Grapefruit 6,11/8/2024,23.13,inches,,,,
Etrog 10,11/8/2024,6.00,inches,,,,
Etrog 11,11/8/2024,10.50,inches,,,,
Etrog 12,11/8/2024,9.63,inches,,,,
Guava 34,11/8/2024,4.00,inches,,,,
Guava 36,11/8/2024,4.25,inches,,,,
Feijoa 4,11/8/2024,2.44,inches,,,,
Feijoa 5,11/8/2024,2.00,inches,,,,
Blue Ghost Cactus 6,11/8/2024,3.06,inches,,,,